id,domain,status,purchase_price,renewal_price,attractiveness,demand,length,registrar,created_at,expires_at,status_verified_at
836722ef-a3df-4ae2-a21e-e46ffd5f0740,offprint.ltd,available,4.98,42.98,medium,low,8,namecheap,,,10/09/2026 03:57
c55596c2-92e8-49ef-aef7-37f8b006ef37,birch.ltd,resell,,,high,low,5,Alibaba Cloud Computing Ltd. d/b/a HiChina (www.net.cn),08/03/2020 16:10,08/03/2027 16:10,26/09/2026 04:26
efcfcb05-51c3-44d5-a8ac-c4ecc76bcc63,tampico.ltd,available,8.5,,high,low,7,unstoppable,,,01/10/2026 04:00
4d416b16-07db-4d6e-b435-f38fdc2b49c0,isolated.ltd,available,8.99,30.99,medium,low,8,namesilo,,,22/09/2026 07:07
2a77ed92-3ea8-4846-a940-e578d30e767c,cheltenham.ltd,available,4.34,25.04,medium,low,10,spaceship,,,28/09/2026 12:18
713a2588-d532-4dc0-8980-e56b8fd24478,chinch.ltd,available,8.99,30.99,medium,low,6,namesilo,,,22/09/2026 22:46
063341aa-eb75-48ef-a5d1-15b4fc996a0a,shillings.ltd,available,24.2,24.2,medium,low,9,cloudflare,,,30/09/2026 06:43
f15ec154-ecfd-4cf1-b05d-49daf86a2c9f,upturned.ltd,available,4.98,42.98,medium,low,8,namecheap,,,04/09/2026 21:58
8c0c1754-291b-4920-8ee2-331989bb2f5a,subnormal.ltd,available,4.98,42.98,medium,low,9,namecheap,,,11/09/2026 00:28
21f14fa8-3591-4322-84c0-d646281db243,khakis.ltd,available,4.98,42.98,high,low,6,namecheap,,,30/09/2026 01:17
81661fce-eea2-4a69-8f80-777b783c28b7,lustfully.ltd,available,4.98,42.98,low,low,9,namecheap,,,15/09/2026 13:12
91cc9617-d049-4c14-99a3-7ee8372958ed,tablet.ltd,available,24.2,24.2,high,low,6,cloudflare,,,28/09/2026 20:05
8f1c4605-b7cc-43a5-99a6-7f9b3c6de7f7,berith.ltd,available,8.99,30.99,high,low,6,namesilo,,,23/09/2026 09:26
7b6095d2-9a6b-49e1-b7c9-3aa5fbc1643a,intermediate.ltd,available,4.34,25.04,high,low,12,spaceship,,,30/09/2026 11:48
61aeed43-9d00-483f-8ad5-e2e8745b52d2,stagnant.ltd,available,4.98,42.98,medium,low,8,namecheap,,,25/08/2026 06:25
6fe5e0e4-0b91-43eb-9f54-e4d84fcf93ed,lumpen.ltd,available,4.98,42.98,medium,low,6,namecheap,,,24/08/2026 11:14
9041261d-95d8-435d-9ecd-976e9feb9b37,politically.ltd,available,4.34,25.04,medium,low,11,spaceship,,,28/09/2026 11:12
ab2793d5-f89f-4d1e-a47b-d31184c8056f,spookily.ltd,available,4.98,42.98,medium,low,8,namecheap,,,14/09/2026 15:07
bd9c9497-8f76-4485-92be-93c4e8fba07a,handless.ltd,available,4.98,42.98,medium,low,8,namecheap,,,11/08/2026 10:12
b7f1f070-12dd-46aa-86da-2d77c385457f,shaped.ltd,available,4.98,42.98,high,low,6,namecheap,,,25/08/2026 03:44
c7023625-68ad-4492-9a3e-54815d177c20,untreated.ltd,available,4.98,42.98,medium,low,9,namecheap,,,12/09/2026 21:44
5b1d4771-85f9-45a8-b7ce-a44d02f4fdf0,smoothly.ltd,available,4.98,42.98,high,low,8,namecheap,,,16/09/2026 02:56
e3f71387-493b-41d7-8535-1dac40243657,babbler.ltd,available,4.98,42.98,high,low,7,namecheap,,,21/09/2026 12:25
ed7e6bcf-2c28-4bdd-96fe-9fb7db7e9097,scrimpy.ltd,available,4.98,42.98,medium,low,7,namecheap,,,24/08/2026 18:10
d5b2be43-c2dd-4222-b6a4-74fcf3710ee2,evasive.ltd,available,4.98,42.98,medium,low,7,namecheap,,,17/08/2026 14:47
b950ff9d-8bef-49f1-9c40-5e9427d2b36a,espouse.ltd,available,4.98,42.98,high,low,7,namecheap,,,13/09/2026 09:39
1cf505e6-a7cb-42bf-bed6-db1da188dd49,principle.ltd,available,8.99,30.99,high,low,9,namesilo,,,27/09/2026 15:26
a1305878-9eb6-4e78-936d-07b4e9bf01f5,cloud.ltd,resell,,,high,medium,5,"Chengdu West Dimension Digital Technology Co., Ltd.",20/06/2016 10:37,20/06/2029 10:37,30/09/2026 20:46
5b777abe-10ef-472d-a3a5-2c455d16ed66,argonauta.ltd,available,8.99,30.99,medium,low,9,namesilo,,,20/09/2026 04:32
c6c07e14-99d6-41de-94dc-8472bc80ee43,unpressed.ltd,available,4.98,42.98,low,low,9,namecheap,,,12/09/2026 17:24
f2e1ea13-c51b-4aef-b7fb-06a2c0220489,restlessly.ltd,available,4.98,42.98,medium,low,10,namecheap,,,15/09/2026 23:29
febb6880-ea52-4698-932b-8721e82f0776,barcarole.ltd,available,4.98,42.98,medium,low,9,namecheap,,,22/09/2026 05:06
c282a3d9-5ffb-4958-9fd1-322859588fca,briny.ltd,available,4.98,42.98,medium,low,5,namecheap,,,11/08/2026 04:25
1b1896f0-13b9-4117-b988-53b3282e88c5,fleer.ltd,available,4.98,42.98,low,low,5,namecheap,,,18/08/2026 17:47
588bb0e4-b121-4615-a904-6f88f80ee578,legibly.ltd,available,4.98,42.98,medium,low,7,namecheap,,,14/09/2026 11:06
84422023-f387-46fe-8f9d-de50711f1db9,dissected.ltd,available,4.98,42.98,medium,low,9,namecheap,,,12/08/2026 10:41
39560f9d-c13b-4ffd-9bd0-598428708159,planning.ltd,available,4.34,25.04,high,low,8,spaceship,,,30/09/2026 07:00
407eefd7-a5b0-4286-ad21-9d669771b501,decease.ltd,available,4.98,42.98,medium,low,7,namecheap,,,24/09/2026 19:36
ac1d5f5e-4687-48c1-8bfa-dff4ab91b4b9,clarinet.ltd,available,24.2,24.2,high,low,8,cloudflare,,,29/09/2026 11:55
5fc3a110-929c-454b-a01a-2a9a4022fd5e,hacked.ltd,available,4.34,25.04,medium,low,6,spaceship,,,29/09/2026 17:39
63f529ca-8226-4233-834c-f6cfe1f2e48b,violation.ltd,available,8.99,30.99,high,low,9,namesilo,,,30/09/2026 00:09
e30bdc95-1582-4374-a5d1-2b9d46e83402,taxpaying.ltd,available,4.98,42.98,medium,low,9,namecheap,,,11/09/2026 09:32
8acbdf6b-a606-410b-8467-90492cdbc689,polk.ltd,available,4.34,25.04,high,low,4,spaceship,,,29/09/2026 07:22
01691834-67e0-4cdb-ae23-7470f453fe9f,land.ltd,resell,,,high,low,4,,,,28/09/2026 18:00
9e92af47-723c-47ac-8011-88a29ee0aeb7,perturb.ltd,available,8.99,30.99,medium,low,7,namesilo,,,24/09/2026 22:49
d16189c6-c803-49be-8d22-dc2e7cd5b50a,selfless.ltd,available,8.99,30.99,high,low,8,namesilo,,,22/09/2026 02:51
dc51dfc9-c34a-44bf-bc37-69bb0cb27771,sympathetic.ltd,available,9.99,,high,low,11,name.com,,,
85d53ac4-21ae-4351-b756-128ea29b6faf,gene.ltd,resell,,,high,low,4,Alibaba Cloud Computing Ltd. d/b/a HiChina (www.net.cn),22/06/2016 16:00,22/06/2027 16:00,29/09/2026 09:24
9c3a5f17-3266-440d-9a1b-61cd0fcf6fc8,susurrant.ltd,available,4.98,42.98,medium,low,9,namecheap,,,03/09/2026 11:08
d2300aff-48d9-4dbc-ad7f-5e1e6f67fe2f,attenuate.ltd,available,4.98,42.98,medium,low,9,namecheap,,,07/08/2026 15:21
e17fe2f3-9d7d-43a3-a4f4-414d8a2e97da,manufacturing.ltd,available,4.34,25.04,high,low,13,spaceship,,,01/10/2026 02:43
f151f085-059f-4eba-a522-7e04894a0740,sibilant.ltd,available,4.98,42.98,medium,low,8,namecheap,,,12/08/2026 23:18
27e3bfda-3892-41a3-83e2-b54bd05e9569,utilizing.ltd,available,8.99,30.99,medium,low,9,namesilo,,,28/09/2026 07:08
7aa9deb5-77a7-4b73-bf2a-aaf21ded9869,mortar.ltd,available,8.99,30.99,high,low,6,namesilo,,,29/09/2026 07:17
b11432e8-0c6c-4d7c-8745-6180a332db58,vibrant.ltd,resell,,,high,low,7,"Xiamen ChinaSource Internet Service Co., Ltd",03/06/2021 14:56,03/06/2027 14:56,26/09/2026 09:58
ef2999f6-7ba5-4125-acd2-888aac539bcb,commerce.ltd,resell,,,high,low,8,"Sav.com, LLC - 33",20/09/2026 15:15,20/09/2027 15:15,01/10/2026 01:08
4f9e8adf-3bf8-4286-9046-2e9b009f066d,pastorale.ltd,available,4.98,42.98,medium,low,9,namecheap,,,08/09/2026 10:10
dc243136-ab51-497a-9423-d3f0e7d71467,arrhenius.ltd,available,8.99,30.99,high,low,9,namesilo,,,20/09/2026 09:11
1a39cd20-e680-4aa4-89dc-499c70153162,butterfly.ltd,resell,,,high,low,9,"Xiamen ChinaSource Internet Service Co., Ltd",19/11/2024 17:00,19/11/2026 17:00,29/09/2026 05:34
274dc4e3-4c33-480b-92b0-0a1b98bee0c4,acquiring.ltd,available,4.98,42.98,high,low,9,namecheap,,,17/09/2026 02:42
6c118733-c83b-42e7-9cbd-0cb0337a76e7,clap.ltd,available,24.2,24.2,high,low,4,cloudflare,,,29/09/2026 09:38
5fb3647e-8b08-401c-9f8d-3735341ee763,crosby.ltd,available,8.99,30.99,high,low,6,namesilo,,,23/09/2026 17:15
10bd0f5a-ab3a-4bac-8878-012bd773ea12,quits.ltd,available,4.98,42.98,high,low,5,namecheap,,,09/09/2026 09:02
56f91694-95c1-49c7-80fb-6418d47ba2db,softback.ltd,available,4.98,42.98,medium,low,8,namecheap,,,05/09/2026 01:13
d4f383de-2629-4299-866b-9ac039e85123,blasphemy.ltd,available,8.99,30.99,medium,low,9,namesilo,,,24/09/2026 04:15
b3bd3cad-7c76-4eb8-a8bf-db78345ef1a7,relaxant.ltd,available,4.98,42.98,high,low,8,namecheap,,,09/09/2026 13:22
5e9bdbc2-b570-4618-a3cd-633abb7964ae,voltaic.ltd,available,4.98,42.98,medium,low,7,namecheap,,,18/08/2026 19:42
5efb289c-486a-40e7-a3c5-76283839d27c,manifested.ltd,available,24.2,24.2,medium,low,10,cloudflare,,,30/09/2026 06:51
b8b7d8a2-66a3-4c21-8352-211159561b8b,thu.ltd,premium,,,medium,low,3,,,,30/09/2026 19:35
62c47973-3b42-4238-b052-080221576ebc,grabbed.ltd,available,4.98,42.98,medium,low,7,namecheap,,,27/09/2026 03:19
1bf05879-e4a2-484f-8fb2-ae3abb268aa3,rectified.ltd,available,4.98,42.98,medium,low,9,namecheap,,,09/09/2026 11:55
5878e574-3829-4ab3-95ce-cb06c181e87f,scholarships.ltd,available,8.99,30.99,high,low,12,namesilo,,,30/09/2026 07:48
aea59f81-1697-4940-9c79-9eed13dd52b4,unspent.ltd,available,4.98,42.98,high,low,7,namecheap,,,12/09/2026 09:36
fea823ac-aa0e-4a65-9408-ea8f68907d75,advertent.ltd,available,4.98,42.98,medium,low,9,namecheap,,,
97878b1a-8412-40f5-8fee-6465d5b702de,northmost.ltd,available,4.98,42.98,medium,low,9,namecheap,,,03/09/2026 21:38
27e81b74-f36c-4868-bae4-1f2135ab65bd,phage.ltd,available,8.99,30.99,medium,low,5,namesilo,,,21/09/2026 16:31
750d5d3c-5a45-44c4-8a56-317c48a02fa0,diametral.ltd,available,4.98,42.98,medium,low,9,namecheap,,,14/08/2026 05:54
7a01451d-0eb8-4e6f-a403-e63a55337e83,seyhan.ltd,available,8.99,30.99,medium,low,6,namesilo,,,17/09/2026 06:19
50b99e55-ea10-4bea-b994-64474e1317f8,occurred.ltd,available,8.99,30.99,medium,low,8,namesilo,,,18/09/2026 13:50
62d146e6-d933-4af7-9532-7790d40aecd3,acinonyx.ltd,available,9.99,39.99,medium,low,8,name.com,,,17/09/2026 01:31
77efe9a2-3176-4e1b-ab92-50908ee90f6d,later.ltd,available,4.98,42.98,high,low,5,namecheap,,,21/09/2026 22:11
1caef677-1abe-469f-80f2-c20d1e019842,compeer.ltd,available,4.98,42.98,high,low,7,namecheap,,,17/08/2026 11:35
cb98a387-0338-479e-8ed1-70f1e14d6f59,soddy.ltd,available,8.99,30.99,medium,low,5,namesilo,,,17/09/2026 09:26
0ff7b0d3-99cb-4601-b331-b091232524da,rescued.ltd,available,4.98,42.98,high,low,7,namecheap,,,09/09/2026 11:35
aee46b5d-dfb8-4004-bc13-3928e1a555e4,ergotic.ltd,available,4.98,42.98,medium,low,7,namecheap,,,17/08/2026 12:13
0bd5e1a7-260c-4390-9438-a62681a366dc,football.ltd,resell,,,high,medium,8,Alibaba Cloud Computing Ltd. d/b/a HiChina (www.net.cn),21/06/2016 11:12,21/06/2027 11:12,29/09/2026 19:44
184399fe-241d-4258-90b3-91aa0e70b307,beanie.ltd,available,4.98,42.98,high,low,6,namecheap,,,22/09/2026 20:31
970319c1-9a76-4c4f-bc44-2efe5042ada5,polish.ltd,available,8.99,30.99,high,low,6,namesilo,,,27/09/2026 04:22
9288d245-a4b0-4a12-ba50-5292ba70c233,baryta.ltd,available,8.99,30.99,medium,low,6,namesilo,,,22/09/2026 09:42
874fe8fc-c6f9-4293-85a9-6bc1b687c548,creaseless.ltd,available,4.98,42.98,medium,low,10,namecheap,,,13/08/2026 05:47
e177fc71-6e1a-4d00-932d-80d95cdaa545,erst.ltd,available,4.98,42.98,medium,low,4,namecheap,,,17/08/2026 13:07
4224ff82-bffd-4b76-8cd1-006fedaa4491,countless.ltd,available,8.99,30.99,high,low,9,namesilo,,,24/09/2026 00:28
5474f469-4443-42c5-a66c-9962e3d9bdaf,sugar.ltd,resell,,,high,low,5,"Xiamen ChinaSource Internet Service Co., Ltd",07/09/2024 15:15,07/09/2027 15:15,29/09/2026 08:02
055d8cd9-7b41-41b8-aaf3-f9995a9c64a5,episodes.ltd,available,4.34,25.04,medium,low,8,spaceship,,,29/09/2026 11:24
6ef94cb1-2624-4506-94d9-d6d07567efed,junky.ltd,available,8.99,30.99,medium,low,5,namesilo,,,17/09/2026 06:52
52f36358-bf73-4a84-a493-fd3de24beaab,celiac.ltd,available,4.98,42.98,medium,low,6,namecheap,,,11/08/2026 23:23
532472a7-be77-4487-bc78-5de35b512847,alarmed.ltd,available,4.98,42.98,medium,low,7,namecheap,,,
e2510069-7eae-4c0e-9565-2c6ac5088b58,hesitation.ltd,available,8.99,30.99,high,low,10,namesilo,,,24/09/2026 16:28
a4ccd66b-f55d-4c0a-9550-e0f4b1330612,osmium.ltd,available,8.99,30.99,medium,low,6,namesilo,,,20/09/2026 23:48
d65027c8-2e45-431e-9c6e-b5e4d5a61527,floaty.ltd,available,4.98,42.98,high,low,6,namecheap,,,11/08/2026 10:08
84207d95-25a6-414b-8692-b8262e028d4f,antilog.ltd,available,8.99,30.99,medium,low,7,namesilo,,,19/09/2026 14:38
b08d1f09-4312-440d-89a6-feedba42f91d,passe.ltd,available,4.98,42.98,medium,low,5,namecheap,,,14/08/2026 01:17
2fb7eeea-854b-4a43-af8d-e234044079c2,dismal.ltd,available,4.98,42.98,medium,low,6,namecheap,,,14/08/2026 11:38
29dcb464-7645-4eb0-b951-8c2b1a4c5796,rapturous.ltd,available,4.98,42.98,high,low,9,namecheap,,,14/08/2026 23:48
fc54b4b9-c43d-402b-a924-7b3c0e8a6080,adorer.ltd,available,4.98,42.98,medium,low,6,namecheap,,,17/09/2026 09:45
fa8aa784-8df0-4455-96d5-e7468c4dba83,character.ltd,available,8.99,30.99,high,low,9,namesilo,,,24/09/2026 13:45
74173fb9-486c-4656-adb6-009bbf450be1,hyman.ltd,available,8.5,,medium,low,5,unstoppable,,,28/09/2026 16:48
a457bdf2-6cbc-40dd-a26f-8f47edc4bcf3,temptation.ltd,available,4.34,25.04,high,low,10,spaceship,,,28/09/2026 09:41
51efec59-9514-49c7-8500-6eb17c913836,muddled.ltd,available,4.98,42.98,medium,low,7,namecheap,,,03/09/2026 10:22
10f1f55a-bc62-419c-a847-284c05e68633,aerobic.ltd,available,4.98,42.98,high,low,7,namecheap,,,21/09/2026 21:01
dd9061c1-a451-48a3-84d6-70254508b396,disposed.ltd,available,9.99,,medium,low,8,name.com,,,
e2eaf74e-12e0-4fad-a3ae-df98b5ed1fb3,feel.ltd,resell,,,high,low,4,Alibaba Cloud Computing Ltd. d/b/a HiChina (www.net.cn),04/09/2023 15:15,04/09/2028 15:15,29/09/2026 19:07
16431cd3-60c2-49f4-b876-0896760b6d70,confidant.ltd,available,4.98,42.98,high,low,9,namecheap,,,22/08/2026 08:30
6e590102-ef3b-432b-a603-27ce067fa8ff,collision.ltd,available,24.2,24.2,high,low,9,cloudflare,,,29/09/2026 10:17
d09ca1d0-2736-4fa9-a454-29fdb11d4fd5,catarrhine.ltd,available,4.98,42.98,medium,low,10,namecheap,,,11/08/2026 21:11
47b543cb-d7c4-481d-86b1-a5a7eb47bf42,airily.ltd,available,4.98,42.98,low,low,6,namecheap,,,13/09/2026 18:31
02b7c719-2a00-43fe-a793-3ac8959b9ab6,chard.ltd,available,8.99,30.99,medium,low,5,namesilo,,,23/09/2026 10:59
fc6bfa0d-d71f-40ff-803a-84be952fad21,chekhov.ltd,available,8.99,30.99,medium,low,7,namesilo,,,19/09/2026 15:27
5b4caa13-cd37-4e18-8068-7a8c2e2f5206,husband.ltd,available,4.34,25.04,high,low,7,spaceship,,,29/09/2026 23:14
db865097-cb0a-4164-a77a-5baada00aa42,anatomical.ltd,available,4.98,42.98,medium,low,10,namecheap,,,
02b10b12-92c7-4d71-a6b6-2f9e9db28dfc,belching.ltd,available,8.99,30.99,medium,low,8,namesilo,,,23/09/2026 04:36
5e10aea7-9783-47bf-acd4-cc78ef92ef26,repeal.ltd,available,8.99,30.99,high,low,6,namesilo,,,16/09/2026 17:15
40d5b2b8-0fdf-4e58-b7f1-fb37ecaa4ca4,criticism.ltd,available,5.66,25.23,high,low,9,porkbun,,,29/09/2026 12:07
67d6e10c-10db-40e1-9a9d-5aae42cfd445,dinosaur.ltd,available,8.99,30.99,high,low,8,namesilo,,,29/09/2026 15:02
a71e92cc-11cb-4f77-97e2-c62d36d1711d,volute.ltd,available,4.98,42.98,medium,low,6,namecheap,,,12/08/2026 16:14
2e920893-6eef-4076-a1ae-060a3c777d95,beaumont.ltd,available,8.99,30.99,high,low,8,namesilo,,,22/09/2026 22:14
4e2043b6-e467-4a7f-9136-443f7c381570,wrinkly.ltd,available,4.98,42.98,medium,low,7,namecheap,,,13/09/2026 13:47
13fe5126-8a78-4f02-afba-8ebb2edd04a2,palpable.ltd,available,4.98,42.98,high,low,8,namecheap,,,05/09/2026 00:07
3991a1de-b99c-4671-ba33-f0278530e240,harriet.ltd,available,5.57,25.9,high,low,7,dynadot,,,27/09/2026 22:29
f260a7a0-539b-4924-bd48-eace62bac256,felted.ltd,available,4.98,42.98,medium,low,6,namecheap,,,18/08/2026 01:00
590ee3b4-5ef4-426c-8fe1-0bef21e9a885,forsyth.ltd,available,5.66,25.23,high,low,7,porkbun,,,27/09/2026 21:08
11e3f714-4c65-4176-95be-f718b6387d16,anosmic.ltd,available,4.98,42.98,medium,low,7,namecheap,,,
dee6c1df-09ae-4f51-b050-b4bcba6db338,vapid.ltd,available,4.98,42.98,medium,low,5,namecheap,,,10/08/2026 13:04
73d7a767-f9ae-4c3c-8711-887678b02b40,myotonic.ltd,available,4.98,42.98,medium,low,8,namecheap,,,03/09/2026 12:15
fd31264b-66fd-45de-a06b-90f57a5e5704,clawed.ltd,available,4.98,42.98,medium,low,6,namecheap,,,12/08/2026 10:02
fb471206-0bfd-4bff-ae97-9a7637eea186,cursorial.ltd,available,4.98,42.98,medium,low,9,namecheap,,,13/08/2026 11:40
e7d840c7-adc6-40d8-bebf-dadd678610a4,blanch.ltd,available,4.98,42.98,medium,low,6,namecheap,,,04/09/2026 23:27
1226c7b2-a23c-4e5a-81cf-65b588553fe4,enigmatic.ltd,available,4.98,42.98,high,low,9,namecheap,,,17/08/2026 09:13
cda64382-3e6e-40d0-ad32-decd97b79e2a,spokesman.ltd,available,24.2,24.2,high,low,9,cloudflare,,,29/09/2026 08:06
ca6000e2-a0d6-4154-9ecf-fac9f1112a17,jumbled.ltd,available,4.98,42.98,medium,low,7,namecheap,,,21/08/2026 08:39
c0465673-1ce6-486d-ac7e-6cabc6b844d3,gandhian.ltd,available,4.98,42.98,high,low,8,namecheap,,,18/08/2026 20:06
0b1e8584-920d-4fa8-ab47-48fe5b7d5087,unpaved.ltd,available,4.98,42.98,medium,low,7,namecheap,,,12/09/2026 16:34
7ff9dc69-2d5c-464e-b921-6bcccd2114d9,moaning.ltd,available,5.57,25.9,medium,low,7,dynadot,,,30/09/2026 20:00
478e960a-07bb-465c-9156-3ad3567899cb,announcing.ltd,available,8.99,30.99,medium,low,10,namesilo,,,29/09/2026 05:34
57a8754d-f488-49ad-b3a5-410d70232bef,foxy.ltd,resell,,,high,low,4,"Xiamen ChinaSource Internet Service Co., Ltd",30/07/2024 17:00,30/07/2027 17:00,26/09/2026 06:13
bfe8ea28-f86a-4e25-b395-ef81581b2b74,adamantine.ltd,available,4.98,42.98,high,low,10,namecheap,,,
4ea9a179-3029-4be6-91e8-17d1a0c49d0b,snuff.ltd,available,4.98,42.98,high,low,5,namecheap,,,12/08/2026 07:39
249aaac2-8811-400e-8e2d-8ebb2e29b31c,classifier.ltd,available,9.99,47.99,high,low,10,godaddy,,,01/10/2026 01:28
f30a68a7-06a1-4e45-9e58-4cf97ddffb63,rsa.ltd,premium,36.32,72.57,high,low,3,porkbun,,,29/09/2026 03:45
a3e39e01-e11d-42a8-b5e4-31f8e61eaf65,snakes.ltd,available,8.99,30.99,high,low,6,namesilo,,,27/09/2026 06:49
810c158d-8974-43a6-826f-7451fa55da1a,angled.ltd,available,4.98,42.98,medium,low,6,namecheap,,,
32cdc3de-c736-4cfc-96f1-f37b40b2f749,allometry.ltd,available,8.99,30.99,medium,low,9,namesilo,,,18/09/2026 11:57
bc3dfbef-81fb-418c-8e17-5b6dc5fba03f,rheumatic.ltd,available,4.98,42.98,medium,low,9,namecheap,,,06/08/2026 23:05
b590b1b7-315b-4b53-a5aa-56fc8a99dad5,lau.ltd,premium,51.43,102.67,medium,low,3,spaceship,,,28/09/2026 07:25
935b8e08-5f53-4298-af42-e2c222b71668,jaw.ltd,premium,42.9,85.8,high,low,3,namecheap,,,27/09/2026 03:31
5448e777-207b-45c1-a5dc-c97d3f7e75cd,valved.ltd,available,4.98,42.98,medium,low,6,namecheap,,,13/09/2026 01:03
df41637f-1a13-4f3c-a654-160d8f89ff3e,lynn.ltd,available,8.99,30.99,high,low,4,namesilo,,,27/09/2026 07:20
2970d2f3-2ed4-486b-aac8-e19fea8b81ca,vowel.ltd,available,5.66,25.23,high,low,5,porkbun,,,29/09/2026 20:36
9b30850e-758d-4b3b-9cc8-11cc743358e5,refuses.ltd,available,8.5,,low,low,7,unstoppable,,,28/09/2026 09:00
e11c4225-f377-46f9-9826-2a5fe050d3c8,hairless.ltd,available,4.98,42.98,medium,low,8,namecheap,,,20/08/2026 22:13
df26869c-5671-4de2-8021-938dbce14766,winsomely.ltd,available,4.98,42.98,medium,low,9,namecheap,,,14/09/2026 15:43
82ca0455-c5e1-4f99-932b-575e5101fd4e,attraction.ltd,available,8.99,30.99,high,low,10,namesilo,,,28/09/2026 23:11
dea3ad87-f2fd-4385-92f7-8e83c0867cbc,apatite.ltd,available,8.99,30.99,medium,low,7,namesilo,,,19/09/2026 16:18
3c6f87af-9305-48fb-896d-89431facb90e,laterally.ltd,available,4.98,42.98,medium,low,9,namecheap,,,15/09/2026 10:56
d3ab6ead-8614-49ec-96ef-cd1431a88523,mongol.ltd,available,4.98,42.98,high,low,6,namecheap,,,25/08/2026 04:45
440fd1a7-681b-4f0c-aab1-9725f152c7c7,freckled.ltd,available,4.98,42.98,medium,low,8,namecheap,,,18/08/2026 14:26
0d8f4344-3654-4126-889f-3fafc389e568,handbill.ltd,available,4.98,42.98,medium,low,8,namecheap,,,11/08/2026 05:06
64e16eab-6967-42c5-8fc2-1bc2b4071d62,rinehart.ltd,available,8.99,30.99,medium,low,8,namesilo,,,29/09/2026 22:34
f48e5eec-dd77-416b-b35e-871821b207b8,elf.ltd,premium,78.54,78.54,high,low,3,namesilo,,,28/09/2026 13:59
994b7fcd-8b34-4261-8ac1-f152e1d1fc90,discoverer.ltd,available,8.99,30.99,high,low,10,namesilo,,,20/09/2026 11:37
ed64e415-e4aa-4751-b99c-ce8473227f02,clerk.ltd,available,8.5,,high,low,5,unstoppable,,,29/09/2026 10:01
3fcba520-53bf-43e8-9304-7d84ae0abdc3,annulated.ltd,available,4.98,42.98,medium,low,9,namecheap,,,
1a9b5168-4327-4da0-8b41-cbc48a85f727,allograft.ltd,available,8.99,30.99,medium,low,9,namesilo,,,18/09/2026 11:54
d8b3530b-8cc5-4699-b603-1b9edf66961a,hemophilia.ltd,available,8.99,30.99,medium,low,10,namesilo,,,24/09/2026 05:26
932ceb43-ed8c-412c-b057-3feb2e863d0d,manipulating.ltd,available,5.57,25.9,medium,low,12,dynadot,,,30/09/2026 14:55
0d6aed82-6b5a-49f0-8a6e-ea1a579c4b63,helps.ltd,available,4.98,42.98,high,low,5,namecheap,,,25/09/2026 21:19
871599ef-84ea-4945-97b7-4153a47d0d89,tabby.ltd,available,8.99,30.99,high,low,5,namesilo,,,23/09/2026 09:31
248cda19-5fe2-4924-b933-a1679b44c2da,treat.ltd,available,4.98,42.98,high,low,5,namecheap,,,24/09/2026 04:23
d5880e9b-b131-49e8-965e-ab1f5e1ce465,erfurt.ltd,available,8.5,,medium,low,6,unstoppable,,,30/09/2026 13:16
250d0978-25b3-4155-b82e-8ab6dd28b1d9,radioactive.ltd,available,4.34,25.04,medium,low,11,spaceship,,,28/09/2026 11:17
2d3f1ad5-9499-44a2-b04c-44710a0c7523,wool.ltd,available,5.66,25.23,high,low,4,porkbun,,,28/09/2026 10:46
438e1ed0-c811-4350-9231-57901fcd99d2,willett.ltd,available,4.34,25.04,medium,low,7,spaceship,,,30/09/2026 21:34
a6fe4620-d18b-4565-94ef-ceb60833f7f2,barman.ltd,available,8.99,30.99,medium,low,6,namesilo,,,22/09/2026 06:19
abf31308-3d71-4eba-a15c-72a2536995f1,erotic.ltd,available,4.98,42.98,high,low,6,namecheap,,,17/08/2026 12:42
8bcd7832-54ac-4a3a-9ea9-23db8036cd28,superb.ltd,available,4.98,42.98,high,low,6,namecheap,,,23/09/2026 09:28
7d78838a-e6f7-4278-9920-4629fd09e163,kelsey.ltd,available,8.5,,medium,low,6,unstoppable,,,28/09/2026 18:22
ab52f3f5-addc-4db2-acc0-fb1f0f63718c,feelings.ltd,available,4.34,25.04,high,low,8,spaceship,,,29/09/2026 19:09
7bdbb7ec-f3be-4048-bb89-722fbfdbd87b,otto.ltd,resell,,,high,medium,4,,,,28/09/2026 04:33
5bac918a-c8f7-4d63-94cb-0ede12966643,barometric.ltd,available,4.98,42.98,medium,low,10,namecheap,,,08/08/2026 20:06
e84a99fc-950c-4172-8a92-e860f58e4242,moneyless.ltd,available,4.98,42.98,medium,low,9,namecheap,,,25/08/2026 04:43
df59afd8-0814-4763-83d7-3154f8ee6303,randoms.ltd,available,8.99,30.99,low,low,7,namesilo,,,19/09/2026 22:13
221b28b0-2693-4e7c-8e19-ccb9d6ad5ae8,suggestion.ltd,available,8.99,30.99,high,low,10,namesilo,,,25/09/2026 07:41
92f7685c-ce46-4def-ab48-f3b1771a7149,cantonal.ltd,available,4.98,42.98,medium,low,8,namecheap,,,11/08/2026 17:44
ce56dc45-c3f4-46bc-8d53-0c4905a1af67,baffled.ltd,available,4.98,42.98,medium,low,7,namecheap,,,07/08/2026 11:36
890d0772-a8f0-48f6-80fa-5adc0166d1a8,maddened.ltd,available,4.98,42.98,medium,low,8,namecheap,,,
d456303c-d506-41d2-83b4-2abd727b280e,siberian.ltd,available,5.57,25.9,high,low,8,dynadot,,,27/09/2026 21:41
b48faee9-52d4-475b-a711-945e3f0f4685,scheming.ltd,available,4.98,42.98,medium,low,8,namecheap,,,11/08/2026 14:03
49d0e793-738a-4a50-9ffd-033f63d44ef3,fraught.ltd,available,4.98,42.98,medium,low,7,namecheap,,,18/08/2026 14:23
1e0e0c2a-8e3a-49cf-b012-b5df6743f860,tornadoes.ltd,available,8.99,30.99,medium,low,9,namesilo,,,16/09/2026 14:14
7069dabb-7c84-4f67-a9a9-4367ff884e01,interview.ltd,available,4.34,25.04,high,low,9,spaceship,,,29/09/2026 11:18
e61611e0-8a36-4d4e-be9e-dba8e1d25de3,goldman.ltd,available,8.99,30.99,high,low,7,namesilo,,,25/09/2026 05:32
ba428e33-142f-4080-9ccb-038c6d0e0633,confronted.ltd,available,24.2,24.2,low,low,10,cloudflare,,,28/09/2026 23:23
2710a624-2a24-418e-a785-a042e6b63d67,buccal.ltd,available,4.98,42.98,medium,low,6,namecheap,,,11/08/2026 07:27
3dcf3a4f-e0b1-4ff6-b598-b6845494f792,boil.ltd,available,8.99,30.99,medium,low,4,namesilo,,,29/09/2026 00:13
e895f035-79d1-4bd3-9315-85030b572e93,wolverine.ltd,available,8.99,30.99,high,low,9,namesilo,,,24/09/2026 12:48
44437311-aae6-4668-90fd-96f31911962a,adequate.ltd,available,4.98,42.98,high,low,8,namecheap,,,21/09/2026 18:22
30974a68-5c6f-4cf3-b10c-ba0000ceef3c,wound.ltd,available,8.5,,high,low,5,unstoppable,,,28/09/2026 11:06
7888d47f-96ab-4aee-bf2f-bb813f9a16d6,humbled.ltd,available,4.98,42.98,high,low,7,namecheap,,,21/08/2026 15:00
c75301ca-f737-4466-b041-044be23a0c6a,consequently.ltd,available,4.98,42.98,medium,low,12,namecheap,,,29/09/2026 10:11
dd54d605-d79c-4543-ac82-07ea3f26683a,rimy.ltd,available,4.98,42.98,medium,low,4,namecheap,,,09/09/2026 17:41
2d059f64-20f7-4cbd-a1ae-9433428b9fc4,width.ltd,available,8.99,30.99,high,low,5,namesilo,,,30/09/2026 03:06
2ce5aa13-b772-4e0f-975f-2fc96d05a071,dyadic.ltd,available,4.98,42.98,high,low,6,namecheap,,,14/08/2026 21:52
8ef7ed74-5a8b-484b-a8d3-929a05eade21,giddy.ltd,available,4.98,42.98,medium,low,5,namecheap,,,
6977229e-a1c5-4681-9e1a-73646e8913ac,describes.ltd,available,4.34,25.04,medium,low,9,spaceship,,,29/09/2026 17:07
75181652-2c05-4fec-adfe-c347f9d7cbdc,imitative.ltd,available,4.98,42.98,medium,low,9,namecheap,,,13/08/2026 03:34
99078804-5a55-408e-954f-9ea7c6da3d6a,aphonic.ltd,available,4.98,42.98,medium,low,7,namecheap,,,05/08/2026 23:17
29931e57-0d46-4b0a-a441-5fbda5237fb8,razed.ltd,available,4.98,42.98,medium,low,5,namecheap,,,14/08/2026 01:24
8fc9ff64-0ff9-49af-891b-c3e2161bae80,flogging.ltd,available,4.98,42.98,medium,low,8,namecheap,,,22/08/2026 20:16
72634778-7194-47a0-8f52-a4237099b15f,prints.ltd,available,8.99,30.99,medium,low,6,namesilo,,,17/09/2026 13:53
248a4101-6ae0-4490-b863-37681935346a,stress.ltd,available,8.99,30.99,high,low,6,namesilo,,,28/09/2026 17:21
094ba1f3-449d-4ac3-adc7-014041548751,apnoeic.ltd,available,4.98,42.98,medium,low,7,namecheap,,,06/08/2026 00:46
963c3de7-0132-43e9-860a-22e5732d0776,dimple.ltd,available,8.99,30.99,high,low,6,namesilo,,,24/09/2026 22:21
6edd1dda-7231-4b45-8584-ff0b385e7cea,tout.ltd,available,4.98,42.98,high,low,4,namecheap,,,11/08/2026 01:03
e6c0290e-5bc0-412a-9e2b-9e17c2539dd9,errors.ltd,available,8.99,30.99,medium,low,6,namesilo,,,17/09/2026 17:09
0f6fbc00-21e1-4b98-83cf-d62a25bef7b7,beguiling.ltd,available,4.98,42.98,high,low,9,namecheap,,,22/09/2026 01:38
67edc5af-14ef-403f-9e7b-d197b0c2a0ab,bozeman.ltd,available,8.99,30.99,medium,low,7,namesilo,,,30/09/2026 00:51
1a003391-20da-4b7d-b088-2a5ca7bf678e,watering.ltd,available,8.99,30.99,high,low,8,namesilo,,,19/09/2026 17:23
569908e1-d65b-4664-b8ba-82ee664b980a,tyrolean.ltd,available,4.98,42.98,medium,low,8,namecheap,,,11/09/2026 22:33
d632e17b-55af-4f50-a5a7-f6bfb2d44559,taproom.ltd,available,8.99,30.99,high,low,7,namesilo,,,22/09/2026 03:42
1f6593ae-1da0-49b6-9f62-58ba5564c375,noticeable.ltd,available,8.99,30.99,high,low,10,namesilo,,,24/09/2026 07:23
b347acb5-2a43-4ed7-837f-1eab5068ee83,foreigner.ltd,available,4.98,42.98,high,low,9,namecheap,,,
2a473cde-e274-47d8-b6fe-339cf56e4764,lamentably.ltd,available,4.98,42.98,low,low,10,namecheap,,,14/09/2026 11:50
d1b2ca68-f0db-4665-8ea1-ce1c6694f58b,bias.ltd,available,4.98,42.98,medium,low,4,namecheap,,,09/08/2026 18:35
df949c46-f044-4631-aac5-38bcf4e63797,aerialist.ltd,available,9.99,39.99,medium,low,9,name.com,,,17/09/2026 12:50
d92b4167-bbea-48a2-8551-d462099f8e37,homotopy.ltd,available,8.99,30.99,medium,low,8,namesilo,,,01/10/2026 01:08
a80e3f51-e18f-414b-972e-db3563099a75,liver.ltd,available,4.98,42.98,high,low,5,namecheap,,,24/08/2026 08:02
bdd4823b-ebf5-4f40-9c3c-351a835d7b12,churches.ltd,available,8.5,,medium,low,8,unstoppable,,,28/09/2026 23:19
d06e6763-9370-4e79-96a6-eb1694781e1d,vagina.ltd,available,8.5,,high,low,6,unstoppable,,,28/09/2026 15:31
8db95bff-cb1c-4506-b7a8-1bceee3c7969,bags.ltd,resell,,,high,low,4,Alibaba Cloud Computing Ltd. d/b/a HiChina (www.net.cn),22/06/2016 16:00,22/06/2028 16:00,26/09/2026 04:13
b088123c-b98b-43d9-81e2-240f8c5ee48e,blindfold.ltd,available,4.98,42.98,high,low,9,namecheap,,,10/08/2026 14:26
96f97a18-2cfc-414e-a2ad-5969d363ff3f,tingling.ltd,available,4.98,42.98,high,low,8,namecheap,,,11/09/2026 15:29
c57b9335-cfab-4904-a844-cc62ef92630d,antinode.ltd,available,8.99,30.99,medium,low,8,namesilo,,,19/09/2026 14:48
24e52af4-f8fd-4e3b-9d9b-fc0f5245cea7,prettily.ltd,available,4.98,42.98,medium,low,8,namecheap,,,15/09/2026 21:22
39add482-fbe7-42dc-999d-5d01f1c1bfc1,affront.ltd,available,4.98,42.98,medium,low,7,namecheap,,,17/09/2026 14:54
81cf5d98-f053-4496-8d4c-f0e7d34469be,prodigally.ltd,available,4.98,42.98,medium,low,10,namecheap,,,15/09/2026 21:38
043d7e3f-574c-4940-990f-62722b38696b,alidad.ltd,available,4.98,42.98,medium,low,6,namecheap,,,18/09/2026 07:31
0b379089-4946-47ae-9d4f-e45760696d8f,granting.ltd,available,9.99,,high,low,8,name.com,,,
0d93b102-2df7-4d1a-a3e9-03e9a91f4ba1,celebrating.ltd,available,8.99,30.99,high,low,11,namesilo,,,27/09/2026 06:50
f3ebd252-b991-462f-8299-695bb7c9fb36,vicksburg.ltd,available,4.98,42.98,medium,low,9,namecheap,,,28/09/2026 03:05
f691cd0a-6221-4afd-a8ec-1c22258f645a,walk.ltd,resell,,,high,low,4,Alibaba Cloud Computing Ltd. d/b/a HiChina (www.net.cn),08/07/2016 07:10,08/07/2027 07:10,27/09/2026 02:47
151e4d9a-9422-4770-a3b4-19f6fa59d51e,nonskid.ltd,available,4.98,42.98,medium,low,7,namecheap,,,03/09/2026 20:36
7c7bdc38-8cf8-4ca2-b48d-46bba1085665,hurting.ltd,available,8.99,30.99,medium,low,7,namesilo,,,27/09/2026 14:14
84c15b21-3c7d-48e3-8e58-dea8455bd7ff,supple.ltd,available,4.98,42.98,high,low,6,namecheap,,,23/08/2026 11:09
06ad2256-6b52-41fc-88b7-99636050e795,disgust.ltd,available,24.2,24.2,high,low,7,cloudflare,,,29/09/2026 15:47
7415e31f-a8c4-4f5a-87b3-84b26709284d,fragrance.ltd,resell,,,high,low,9,,,,29/09/2026 18:57
909e94b1-70bc-4c26-acf7-1419d17015b1,taliban.ltd,available,8.99,30.99,high,low,7,namesilo,,,27/09/2026 05:35
a1a21d3a-e577-4ea2-92d4-6678ec7045b8,weighted.ltd,available,4.98,42.98,high,low,8,namecheap,,,13/09/2026 10:08
64c963d8-bd48-449a-a60b-9cc0d1f0be76,towne.ltd,available,8.99,30.99,medium,low,5,namesilo,,,29/09/2026 09:05
8e9b96a2-8ec5-4063-8827-1165599f7628,birthing.ltd,available,4.98,42.98,high,low,8,namecheap,,,23/09/2026 21:07
2189d506-91de-454f-8981-9c56d0d40a75,araguaia.ltd,available,8.99,30.99,medium,low,8,namesilo,,,19/09/2026 23:45
5e921a90-ce03-4efe-9632-4e8689958823,repellant.ltd,available,4.98,42.98,medium,low,9,namecheap,,,14/08/2026 10:41
29b7ef87-c165-41b5-934e-b368e622c680,ushers.ltd,available,8.99,30.99,medium,low,6,namesilo,,,20/09/2026 19:46
7ee2ff03-eaef-4307-be07-141ed1b91e17,hatchet.ltd,available,4.98,42.98,high,low,7,namecheap,,,30/09/2026 09:59
6d4e2048-22ab-421c-9d90-81570d29fda3,requirements.ltd,available,4.98,42.98,medium,low,12,namecheap,,,17/09/2026 10:26
3ca4f428-d22e-4865-bbaa-e22956105489,crabs.ltd,available,8.99,30.99,high,low,5,namesilo,,,29/09/2026 00:30
29b42cc7-f662-4e05-9b65-3c8b782d22ac,beefsteak.ltd,available,8.99,30.99,high,low,9,namesilo,,,23/09/2026 01:15
602888f2-680c-4cfc-8d89-353c9c36fc0b,bows.ltd,available,24.2,24.2,medium,low,4,cloudflare,,,30/09/2026 06:27
8b1ef628-f1d3-4aa1-9e49-0100c57cf41e,free.ltd,resell,,,high,medium,4,"Chengdu West Dimension Digital Technology Co., Ltd.",19/06/2016 16:00,19/06/2029 16:00,26/09/2026 06:14
5dfc3881-bef7-494f-96c1-d691d7c8de04,punctuate.ltd,available,4.98,42.98,high,low,9,namecheap,,,16/09/2026 21:54
05a4e437-62d3-4fa1-970e-c10d1c0e3ab0,menstrual.ltd,available,4.98,42.98,high,low,9,namecheap,,,11/08/2026 20:59
dc4ab7bd-2d1d-44d2-bfa5-800908b09a95,filial.ltd,available,4.98,42.98,medium,low,6,namecheap,,,18/08/2026 04:17
4b5bedb2-3e29-43d5-a103-a632933d6123,hmm.ltd,premium,36.32,72.57,high,low,3,porkbun,,,01/10/2026 04:54
6b0027b0-a4d1-4bb4-85b6-4c8c432ce056,moist.ltd,available,9.99,39.99,high,low,5,name.com,,,13/08/2026 16:43
44e893c2-4200-4e23-b7c6-029fabc1c0d0,determining.ltd,available,8.99,30.99,medium,low,11,namesilo,,,30/09/2026 05:52
8c4ef3aa-5490-44e5-bb7d-802a381da590,lusty.ltd,available,4.98,42.98,high,low,5,namecheap,,,12/08/2026 20:20
ea6f830d-f4c8-44a1-9b10-6f94f0561230,screwed.ltd,available,8.99,30.99,medium,low,7,namesilo,,,28/09/2026 15:59
a4306692-28fe-4041-bbc5-d8afe3012352,slavonic.ltd,available,4.98,42.98,high,low,8,namecheap,,,10/09/2026 10:34
0de57b0d-ff6d-4133-a7f0-73145be4343a,armillaria.ltd,available,8.99,30.99,medium,low,10,namesilo,,,20/09/2026 07:07
43ac3576-aacb-4ecd-9ac0-9e0fe339acd8,mendelian.ltd,available,4.98,42.98,medium,low,9,namecheap,,,24/08/2026 20:06
79c79270-8334-4f5f-bd46-1e6f0a510fa2,pickaback.ltd,available,4.98,42.98,medium,low,9,namecheap,,,15/09/2026 19:48
46b21c38-f5d3-42b8-933a-e11b01c81ff2,midget.ltd,available,4.98,42.98,high,low,6,namecheap,,,08/08/2026 14:19
30b1dac0-7db0-4156-8cce-7ddc4fdb4bfb,glowingly.ltd,available,4.98,42.98,medium,low,9,namecheap,,,14/09/2026 21:48
491ebea4-07a7-4ae8-b9e0-957d44cea048,expel.ltd,available,4.34,25.04,high,low,5,spaceship,,,30/09/2026 18:34
854fa272-6e78-4ae7-a1bb-875980883f88,prisons.ltd,available,4.34,25.04,medium,low,7,spaceship,,,29/09/2026 11:25
2504e34b-5ba6-4312-8c86-21e4282839ce,premises.ltd,available,4.34,25.04,high,low,8,spaceship,,,28/09/2026 15:06
7e7c7f50-4b98-4686-a26e-0d542335b81b,tiresome.ltd,available,4.98,42.98,medium,low,8,namecheap,,,10/08/2026 20:03
4ec1a6fd-f2ea-4700-8045-b21bbbd69f70,yard.ltd,available,8.99,30.99,high,low,4,namesilo,,,21/09/2026 11:13
d2d67323-390c-48a7-96f6-664ecc96c247,protesting.ltd,available,8.99,30.99,medium,low,10,namesilo,,,29/09/2026 08:58
40652e0b-e174-472e-8471-e7c9116766dc,hidebound.ltd,available,4.98,42.98,medium,low,9,namecheap,,,21/08/2026 08:11
f6d5e201-7546-4d5a-b391-10aba8a5b63c,needed.ltd,available,4.98,42.98,high,low,6,namecheap,,,03/09/2026 14:49
686314a4-d797-48db-b31e-ad99f08b079a,leaks.ltd,available,8.99,30.99,medium,low,5,namesilo,,,18/09/2026 06:46
5cadba0d-6848-4b0d-be5c-4d80c746b0b2,fcc.ltd,premium,78.54,78.54,high,low,3,namesilo,,,25/09/2026 05:53
4af9a791-cb5a-4127-9d33-2c09df7531db,tiberius.ltd,available,24.2,24.2,medium,low,8,cloudflare,,,28/09/2026 20:38
bd14f9ea-6de4-4047-86c6-07ce9967e27a,usages.ltd,available,8.99,30.99,medium,low,6,namesilo,,,29/09/2026 05:10
36374e02-4885-4144-8abb-7f565279c13c,bahaism.ltd,available,4.98,42.98,medium,low,7,namecheap,,,21/09/2026 18:33
67a23edd-4347-4238-b059-0f6605858054,backseat.ltd,available,4.98,42.98,high,low,8,namecheap,,,21/09/2026 15:49
27471293-48a0-4534-9063-49460fae3339,osseous.ltd,available,4.98,42.98,medium,low,7,namecheap,,,04/09/2026 18:18
e9ef66b2-5c29-4ef2-b2b0-5eabad3a8755,langston.ltd,available,4.34,25.04,medium,low,8,spaceship,,,29/09/2026 09:59
ed1f5213-4b9c-4dcb-98bd-01cfb4ec2e46,yearly.ltd,available,4.98,42.98,high,low,6,namecheap,,,28/09/2026 11:15
58a1c4a3-66d5-4ba7-a53e-5ed0b5246157,tenable.ltd,available,4.98,42.98,high,low,7,namecheap,,,11/09/2026 11:08
ee0adfa2-c74f-4bac-b789-23afa51af0af,faster.ltd,resell,,,high,low,6,"Xiamen ChinaSource Internet Service Co., Ltd",03/06/2021 12:03,03/06/2027 12:03,26/09/2026 06:01
d8f0a75e-f02a-4d6a-b536-8c0f0398adcc,amide.ltd,available,4.98,42.98,high,low,5,namecheap,,,18/09/2026 21:35
2b434990-1aaf-47b8-86b2-6af38bfe2901,harlem.ltd,available,4.34,25.04,medium,low,6,spaceship,,,28/09/2026 10:00
95915675-fad7-45f3-b201-0d9fd9217207,mortgage.ltd,resell,,,high,low,8,,,,28/09/2026 06:56
126ee804-0ba8-4ed2-abbd-879c9579ecc1,seagoing.ltd,available,4.98,42.98,medium,low,8,namecheap,,,04/09/2026 00:24
f78e5a3d-1ba9-4ebd-bc1c-1e8391e15ed8,unclogged.ltd,available,4.98,42.98,medium,low,9,namecheap,,,12/09/2026 05:28
29a72a9f-54c0-4dc2-bd7b-e20ae4e0e580,noncurrent.ltd,available,4.98,42.98,medium,low,10,namecheap,,,03/09/2026 19:01
cb0e5927-40ce-4177-be11-d5fecc78731f,summative.ltd,available,4.98,42.98,medium,low,9,namecheap,,,11/09/2026 01:36
79857fd6-ef0c-4db0-a673-7a34f1e73f84,bierce.ltd,available,8.99,30.99,medium,low,6,namesilo,,,18/09/2026 17:23
05333c83-8814-4821-87fd-39c6ea00fc52,nitid.ltd,available,4.98,42.98,medium,low,5,namecheap,,,
bb3d9e49-f05e-410e-85a6-77db9b1c3723,continual.ltd,available,8.99,30.99,high,low,9,namesilo,,,23/09/2026 22:10
b0c627e3-cd63-43c6-895c-79d87c9e5977,bewildered.ltd,available,4.98,42.98,medium,low,10,namecheap,,,07/08/2026 11:52
ba8a7dbb-33dc-49c3-a028-86c1580e3229,truculent.ltd,available,4.98,42.98,medium,low,9,namecheap,,,11/09/2026 20:29
71330897-6066-4099-89ac-409a69b0ff1e,liveness.ltd,available,4.98,42.98,high,low,8,namecheap,,,19/09/2026 09:04
d579f031-5d67-4de2-8657-f6e5d6dc86b3,highlighting.ltd,available,9.99,,high,low,12,name.com,,,
0cff4b14-b23c-4136-8039-d982794250e2,cant.ltd,available,4.98,42.98,medium,low,4,namecheap,,,13/09/2026 04:09
a988621d-10da-42fa-bfe1-5ae45c75e731,unvoiced.ltd,available,4.98,42.98,medium,low,8,namecheap,,,11/09/2026 03:39
38eca2a2-d44a-49a4-8314-924fefe56b7f,downfall.ltd,available,8.99,30.99,medium,low,8,namesilo,,,24/09/2026 23:39
45d42d65-5ec7-4b7d-8bc6-2dba01407fa9,vacuous.ltd,available,4.98,42.98,low,low,7,namecheap,,,07/08/2026 02:52
1e3d2e19-ebf7-4e5e-b74b-a364d320378a,crackers.ltd,available,4.98,42.98,medium,low,8,namecheap,,,06/08/2026 20:45
c3d1c4cc-2522-4a5d-bef1-de6ea36fe9c8,especially.ltd,available,24.2,24.2,medium,low,10,cloudflare,,,28/09/2026 14:41
f293b229-34dc-4c6b-8007-596dc314ccc6,athenian.ltd,available,4.98,42.98,medium,low,8,namecheap,,,24/09/2026 08:23
3431bbf3-5e36-4107-8b07-ed67d34421ec,robustness.ltd,available,24.2,24.2,high,low,10,cloudflare,,,29/09/2026 19:07
6b8daef8-7a33-4a8d-ad0c-56677389bb22,worse.ltd,available,24.2,24.2,high,low,5,cloudflare,,,28/09/2026 10:56
42909265-0d22-45d8-bb8c-3415cd2cfc48,unowned.ltd,available,4.98,42.98,medium,low,7,namecheap,,,04/09/2026 22:16
d4bbdc54-2429-4477-8400-42ec2e7ea5c6,liaise.ltd,available,4.98,42.98,high,low,6,namecheap,,,22/08/2026 08:15
e5c11a21-e2db-4f4a-b1f2-01cd8ba352e3,surpassing.ltd,available,4.98,42.98,high,low,10,namecheap,,,17/08/2026 16:03
113b10a2-7f37-4b20-8083-c02f482ffabb,strengthening.ltd,available,24.2,24.2,high,low,13,cloudflare,,,30/09/2026 19:59
4d2af398-c992-4cf3-aaf5-ccbd6f9d9a47,sheboygan.ltd,available,5.66,25.23,medium,low,9,porkbun,,,30/09/2026 05:39
e452bba9-e03d-462b-9fe5-fc62cd34735f,web.ltd,resell,,,high,medium,3,"Chengdu West Dimension Digital Technology Co., Ltd.",19/06/2016 16:49,19/06/2029 16:49,28/09/2026 08:08
be6440e4-29c2-4306-9487-0eb816974565,anomy.ltd,available,4.98,42.98,medium,low,5,namecheap,,,19/09/2026 11:32
85c8a855-2a92-44f5-8059-7171b9983267,allegation.ltd,available,8.99,30.99,high,low,10,namesilo,,,18/09/2026 10:09
97605ebc-fad1-4f90-801d-2c19d392e630,purchases.ltd,available,8.5,,medium,low,9,unstoppable,,,30/09/2026 07:19
0473e9cc-1c2d-4fd3-989b-2268aab554b7,foliage.ltd,available,9.99,47.99,high,low,7,godaddy,,,30/09/2026 01:40
12be6aaf-f60e-47bb-818a-dbbef6103376,difference.ltd,available,8.5,,high,low,10,unstoppable,,,29/09/2026 14:33
5257f177-4ef6-4011-9af6-6eda769edd32,opened.ltd,available,4.98,42.98,high,low,6,namecheap,,,04/09/2026 16:13
7371444f-ddf1-43de-902b-40b5f87fe9ac,equanimous.ltd,available,4.98,42.98,medium,low,10,namecheap,,,17/08/2026 11:37
3024172b-489f-4476-994f-949f92a8fdfa,plagued.ltd,available,5.57,25.9,medium,low,7,dynadot,,,29/09/2026 03:23
07300ebd-90b9-4612-bed2-4e2832ceae2a,barebacked.ltd,available,4.98,42.98,medium,low,10,namecheap,,,08/08/2026 18:44
bf42fb94-ea68-47d4-b9f9-ba7e7ffeabeb,tied.ltd,available,4.98,42.98,high,low,4,namecheap,,,22/08/2026 17:45
cdc72055-3bd8-4008-a9a6-3eaa34f299f9,shrewd.ltd,available,8.99,30.99,high,low,6,namesilo,,,22/09/2026 10:37
aa8a0d59-52db-43a7-a5d8-007ba3a15f67,jacobean.ltd,available,4.98,42.98,medium,low,8,namecheap,,,22/08/2026 11:47
3a844270-5c19-4a55-98a6-3749a70806ab,croat.ltd,available,4.98,42.98,medium,low,5,namecheap,,,13/08/2026 07:34
a7bc585a-ab2e-4b6d-95e4-cb1a548ce4e7,unobserved.ltd,available,4.98,42.98,medium,low,10,namecheap,,,12/09/2026 16:04
d52679fd-b1ee-4872-b04a-3483314213f1,brood.ltd,available,24.2,24.2,high,low,5,cloudflare,,,30/09/2026 16:30
942ab339-1c06-4bb1-a957-c6fc99eadcd1,apollo.ltd,resell,,,high,medium,6,"Chengdu West Dimension Digital Technology Co., Ltd.",27/08/2020 16:32,27/08/2027 16:32,26/09/2026 03:56
66d62d5c-68ff-4553-bc55-1df4f46d05da,lhasa.ltd,available,4.98,42.98,high,low,5,namecheap,,,24/09/2026 12:27
bd897678-16e5-458a-82d7-ad08e2e9e9fe,successfully.ltd,available,8.99,30.99,high,low,12,namesilo,,,01/10/2026 05:17
1e118a2f-766f-49e3-83ea-08681b894b06,crested.ltd,available,4.98,42.98,high,low,7,namecheap,,,13/08/2026 06:20
de836d10-d809-47c0-a4a6-c9cdc909d6e3,blaster.ltd,available,4.98,42.98,high,low,7,namecheap,,,24/09/2026 04:22
988dbd88-a48a-47bf-a717-1dc588c62475,braddock.ltd,available,4.34,25.04,medium,low,8,spaceship,,,29/09/2026 15:49
8b76b6b5-7648-4682-8bfb-f1a4b18f41cb,overladen.ltd,available,4.98,42.98,medium,low,9,namecheap,,,04/09/2026 20:51
68a89fd5-e19c-4842-b5ea-ae87830d0a4a,policeman.ltd,available,8.99,30.99,high,low,9,namesilo,,,27/09/2026 05:03
edb62f9c-c89d-4ba3-b59c-d8ed57f5d8d9,ordeal.ltd,available,8.5,,medium,low,6,unstoppable,,,29/09/2026 07:47
7fef20de-b2c6-4dfd-8573-ec0a234a2c28,medieval.ltd,available,4.98,42.98,high,low,8,namecheap,,,12/08/2026 06:12
f1412804-3e44-44ad-a18f-32d63dcee7e0,macaronic.ltd,available,4.98,42.98,medium,low,9,namecheap,,,24/08/2026 12:44
d2816569-e0c9-4f54-8a88-3c2f551a35e6,serous.ltd,available,4.98,42.98,medium,low,6,namecheap,,,10/09/2026 04:43
2ffe3b7a-ae93-42be-8348-44a4cd87fecb,consultant.ltd,resell,,,high,low,10,Dynadot Inc,16/02/2026 17:01,16/02/2027 17:01,28/09/2026 19:05
541d68d5-e1b5-4296-9e63-9b67931632f7,maa.ltd,premium,66.5,,high,low,3,unstoppable,,,30/09/2026 11:36
a433959b-8438-4c44-b471-5baf8daefd64,hitler.ltd,available,4.98,42.98,high,low,6,namecheap,,,17/09/2026 09:31
d7c1e576-284c-4b4d-a62e-06bbaba59d32,bungalow.ltd,available,8.99,30.99,high,low,8,namesilo,,,24/09/2026 11:15
fbe5cd62-23c5-430e-bf4e-50e1be513b3d,insular.ltd,available,4.98,42.98,high,low,7,namecheap,,,22/08/2026 07:38
de78cdff-8d33-4389-b84c-c2a27056c5d9,ladle.ltd,available,4.98,42.98,high,low,5,namecheap,,,22/08/2026 18:34
f3a0f4da-1552-4043-a96c-8aa7df885e6e,prudishly.ltd,available,4.98,42.98,low,low,9,namecheap,,,15/09/2026 21:53
e78a0c5d-e5e2-4730-a39c-3664201c8988,picasso.ltd,available,8.5,,high,low,7,unstoppable,,,28/09/2026 20:04
6cc20ea4-6ae7-4d63-98d0-0d1e94cd703a,going.ltd,available,8.99,30.99,high,low,5,namesilo,,,24/09/2026 22:35
4c49c285-c77b-4f7a-bdcf-40f541fcd1a9,uniformed.ltd,available,4.98,42.98,high,low,9,namecheap,,,12/09/2026 12:57
26a57a35-4d5c-4602-bcb7-52cf747bf716,purposely.ltd,available,4.98,42.98,medium,low,9,namecheap,,,13/09/2026 17:36
81e3b905-f4fb-40be-b6d6-9e2f3e6afa1f,albula.ltd,available,8.99,30.99,medium,low,6,namesilo,,,18/09/2026 03:24
c089dc5e-c55b-4fc9-b513-261284f427ee,trusts.ltd,available,5.66,25.23,high,low,6,porkbun,,,28/09/2026 18:18
cf2a5dcf-2723-494b-b132-bc09d3efdf0f,nocent.ltd,available,4.98,42.98,medium,low,6,namecheap,,,03/09/2026 18:02
ad37832a-ab32-4459-863c-d6b5784a1c72,states.ltd,available,8.99,30.99,high,low,6,namesilo,,,19/09/2026 11:16
1faa12f7-4bbe-4248-b392-edbbdff82da9,lxxvii.ltd,available,4.98,42.98,medium,low,6,namecheap,,,
7a1d28ba-df7f-498a-98c5-a254aa48e223,encouragement.ltd,available,8.5,,medium,low,13,unstoppable,,,28/09/2026 22:35
1d3b1bad-e1b2-4836-83ae-ab0493fd701a,portuguese.ltd,available,8.99,30.99,high,low,10,namesilo,,,25/09/2026 15:43
89edbe38-e980-4f92-83ff-ff4fc10e075a,whites.ltd,available,24.2,24.2,high,low,6,cloudflare,,,28/09/2026 16:57
57f5619b-cfb1-41ee-a66f-6a22765f1624,critic.ltd,available,24.2,24.2,high,low,6,cloudflare,,,29/09/2026 12:01
45d14aff-53cb-4d56-89cb-f318eb28ba14,corvallis.ltd,available,4.34,25.04,medium,low,9,spaceship,,,30/09/2026 05:45
4fc475a7-2e2e-4228-ad8f-a8b70cc0f385,companies.ltd,resell,,,high,low,9,,,,01/10/2026 02:54
40c48bf9-c50a-43d9-a474-3060587eb2d1,raises.ltd,available,8.5,,medium,low,6,unstoppable,,,29/09/2026 10:51
e3831f37-51ee-46b5-a505-678c44fba067,politics.ltd,available,4.98,42.98,high,low,8,namecheap,,,27/09/2026 05:03
42c766f6-8e64-4b9a-9f70-3d13465c69cb,polio.ltd,available,8.99,30.99,medium,low,5,namesilo,,,17/09/2026 05:40
468d73ac-bcc4-409a-bb75-d935a622f079,orphan.ltd,available,5.66,25.23,high,low,6,porkbun,,,30/09/2026 06:17
a65a3038-e612-46fa-ad4d-fb2338443b49,while.ltd,available,8.99,30.99,high,low,5,namesilo,,,30/09/2026 14:40
898ee3d6-77dd-4af6-a08c-572fc3340541,traduce.ltd,available,4.98,42.98,medium,low,7,namecheap,,,24/08/2026 14:06
9479c5c7-3846-4fd3-aadd-dd4085e55832,hagerstown.ltd,available,5.57,25.9,medium,low,10,dynadot,,,29/09/2026 19:06
aacdb107-9288-41b8-be3c-565b377bc4f3,canoe.ltd,available,8.5,,high,low,5,unstoppable,,,29/09/2026 06:41
55c8f8c8-231a-402f-8c42-6b07eae24a1e,beechwood.ltd,available,8.99,30.99,medium,low,9,namesilo,,,23/09/2026 00:14
30417bd9-c321-49d5-9407-2afd5143bb8a,obedient.ltd,available,4.98,42.98,high,low,8,namecheap,,,03/09/2026 23:30
62607c09-9426-44a2-b601-82f03d1431ca,semipublic.ltd,available,4.98,42.98,medium,low,10,namecheap,,,10/09/2026 03:17
a465a029-edd6-4e10-b9c3-3d691425e93b,drive.ltd,resell,,,high,medium,5,UM DOMAINS PTE. LTD,20/09/2026 15:15,20/09/2027 15:15,26/09/2026 05:41
83c02685-9b3c-4aa0-bca2-74e132f65d4c,mediterranean.ltd,available,4.34,25.04,high,low,13,spaceship,,,29/09/2026 08:26
6d681f75-5e1e-478c-8c49-9bca7e44d4cf,tried.ltd,available,9.99,47.99,high,low,5,godaddy,,,28/09/2026 02:21
e3fad087-b445-4938-b678-f81d421608d0,factory.ltd,resell,,,high,low,7,"Sav.com, LLC - 3",20/09/2026 15:15,20/09/2027 15:15,26/09/2026 05:59
8e96a8c8-d24e-4c5b-9b45-f25fbc77f43d,meyers.ltd,available,8.99,30.99,medium,low,6,namesilo,,,27/09/2026 20:50
a34562a9-1fb0-4376-9bfd-d4f2da45f938,bombing.ltd,available,4.98,42.98,medium,low,7,namecheap,,,27/09/2026 11:45
776de51f-b501-4c40-9a54-0b7fc8f62fce,stubby.ltd,available,4.98,42.98,high,low,6,namecheap,,,10/09/2026 22:56
d580d417-fe50-45a0-9794-3702d2640474,joyously.ltd,available,4.98,42.98,high,low,8,namecheap,,,14/09/2026 21:30
e9db04c2-3560-40d2-b2e8-19cdd89a5bcc,escapes.ltd,available,5.57,25.9,medium,low,7,dynadot,,,29/09/2026 05:18
45135971-f2fd-4505-a9ac-1d40cbf514f3,keyserver.ltd,available,9.99,,medium,low,10,name.com,,,
31901b54-6655-4964-b9d8-2655522fcb89,marduk.ltd,available,8.99,30.99,medium,low,6,namesilo,,,21/09/2026 12:06
b0d8a917-c928-40c6-9fac-4353f81bda73,noxious.ltd,available,4.98,42.98,medium,low,7,namecheap,,,03/09/2026 22:21
6bc05d70-8e3d-4a7b-b049-89d7a0b68030,elongated.ltd,available,4.98,42.98,medium,low,9,namecheap,,,16/08/2026 05:26
c1f58d25-abda-4a36-a62d-187eb67a8ee7,coincide.ltd,available,8.99,30.99,high,low,8,namesilo,,,29/09/2026 14:11
6429575e-09ec-4008-b3d0-6a1cf9fb8b69,muni.ltd,available,8.99,30.99,high,low,4,namesilo,,,30/09/2026 12:26
463a37b7-ed8a-4d1c-bdee-a7c216acffe0,feckless.ltd,available,4.98,42.98,medium,low,8,namecheap,,,18/08/2026 00:31
f0938881-264d-4558-8ccf-427838133fab,tastily.ltd,available,8.99,30.99,medium,low,7,namesilo,,,16/09/2026 08:03
43140f87-a423-4e43-8152-21ada52fe583,ibrahim.ltd,available,8.99,30.99,high,low,7,namesilo,,,16/09/2026 16:51
2b68ec1c-52f1-461e-9d7d-e21e8073f973,curtiss.ltd,available,4.34,25.04,high,low,7,spaceship,,,27/09/2026 12:50
c88d50c5-beaf-488b-886b-7ae91c630e1d,lawrencium.ltd,available,8.99,30.99,medium,low,10,namesilo,,,20/09/2026 22:00
c2b61223-bdfb-4b01-af9a-54ade723902f,boric.ltd,available,4.98,42.98,medium,low,5,namecheap,,,10/08/2026 19:48
95e462f3-31a5-48f0-af48-e847eed48fd4,foetal.ltd,available,4.98,42.98,medium,low,6,namecheap,,,18/08/2026 02:18
600a5da2-f835-4468-899f-6853878489a8,tined.ltd,available,4.98,42.98,medium,low,5,namecheap,,,09/09/2026 03:20
54889760-5cc2-48ae-940e-b8697cd29fa8,wesleyan.ltd,available,4.98,42.98,high,low,8,namecheap,,,24/08/2026 22:00
ed52c902-cb2f-4814-be1e-548e49bb9717,unlikable.ltd,available,4.98,42.98,medium,low,9,namecheap,,,12/09/2026 00:58
ed7d018b-1790-4ba7-934f-d3db0ba9afb5,uncounted.ltd,available,4.98,42.98,high,low,9,namecheap,,,13/08/2026 03:44
8fa04823-2be0-49e8-ae4f-636dcdb26e39,operates.ltd,available,8.99,30.99,high,low,8,namesilo,,,29/09/2026 10:32
c861e21b-2e79-41c1-afd1-ec9b66b9037c,aum.ltd,premium,38.94,38.94,high,low,3,namesilo,,,21/09/2026 04:10
d85e5199-d275-4886-a7cc-afcdcbc62176,compounded.ltd,available,4.98,42.98,high,low,10,namecheap,,,12/08/2026 19:34
1d846e71-625a-4996-b026-2eef12df6ff5,emerged.ltd,available,8.5,,low,low,7,unstoppable,,,29/09/2026 16:31
8264bc4e-f23d-4e64-bc08-9eaf01b9f2e0,adjuvant.ltd,available,4.98,42.98,high,low,8,namecheap,,,
62e98264-b3ea-422b-a9ef-2dd73adfe786,sparely.ltd,available,8.99,30.99,medium,low,7,namesilo,,,16/09/2026 05:49
27c65e99-9768-4ccf-9a69-071b5a80acf9,rustproof.ltd,available,4.98,42.98,high,low,9,namecheap,,,09/09/2026 20:21
15d6f8a3-149a-472a-8329-9e0f7f222eab,awe.ltd,premium,72.6,72.6,high,low,3,dynadot,,,28/09/2026 23:47
9f0b79e1-7705-440c-864e-856c3184ba4b,shopper.ltd,available,8.99,30.99,high,low,7,namesilo,,,01/10/2026 02:32
239809b5-d3c2-4b09-b8b1-04bca064cec5,boyne.ltd,available,8.99,30.99,medium,low,5,namesilo,,,22/09/2026 14:51
8636888d-beab-4407-aa05-17c2b28d02ca,proverbs.ltd,available,4.98,42.98,high,low,8,namecheap,,,24/09/2026 07:04
8a2977b9-f945-4cec-8dce-047c27c9e587,beatitude.ltd,available,4.98,42.98,high,low,9,namecheap,,,22/09/2026 21:40
8c29bc92-2ac8-4e90-a972-79fe1919973b,baguet.ltd,available,4.98,42.98,medium,low,6,namecheap,,,21/09/2026 18:30
64f00738-8538-4937-99d2-ac13ba010357,animalia.ltd,available,8.99,30.99,high,low,8,namesilo,,,19/09/2026 08:37
f9ac99d5-8849-4578-a889-40780c90a604,estimated.ltd,available,8.99,30.99,medium,low,9,namesilo,,,17/09/2026 13:47
1b2ea86a-6813-4506-bbcd-35ccdea4075e,cernuous.ltd,available,4.98,42.98,medium,low,8,namecheap,,,12/08/2026 00:44
1aa6809e-fe95-4ea0-8af1-765f4d13f7e3,mural.ltd,available,4.98,42.98,high,low,5,namecheap,,,03/09/2026 11:00
7f716857-8f95-4d12-bcf6-05f1d44c7689,reviewer.ltd,available,8.99,30.99,high,low,8,namesilo,,,30/09/2026 10:58
2d2ba480-9fd7-4060-87bf-1f52885e9f59,lava.ltd,resell,,,high,low,4,Alibaba Cloud Computing Ltd. d/b/a HiChina (www.net.cn),22/06/2023 15:15,22/06/2028 15:15,30/09/2026 02:19
18995548-e456-4ac2-8508-0e94429646d0,duty.ltd,resell,,,high,low,4,"GoDaddy.com, LLC",27/06/2016 11:36,27/06/2027 11:36,29/09/2026 17:13
1f9e8660-2a85-4a80-92f1-33ac56352586,chromium.ltd,available,8.99,30.99,medium,low,8,namesilo,,,20/09/2026 22:39
1e8f3c9f-9754-4f79-9f59-8b1d099b908e,senegalese.ltd,available,4.98,42.98,medium,low,10,namecheap,,,10/09/2026 03:43
762a6b99-68bb-439c-b3a0-395d87f3f2bc,ail.ltd,premium,42.9,85.8,medium,low,3,namecheap,,,17/09/2026 21:05
b44e4028-dee2-45d8-af08-b8fc0d8beb22,bead.ltd,available,4.34,25.04,high,low,4,spaceship,,,29/09/2026 01:38
989339e3-c80f-483f-b319-242e79325e3a,aeonian.ltd,available,4.98,42.98,medium,low,7,namecheap,,,
49ad4443-4ae6-4bf7-bfa0-02f01afeb55f,lois.ltd,available,8.99,30.99,medium,low,4,namesilo,,,25/09/2026 15:30
024af485-5621-4dd1-afae-97bf406a1baa,detained.ltd,available,4.34,25.04,low,low,8,spaceship,,,29/09/2026 05:25
5be8f09c-f672-4584-841e-96ad70b4e102,lambeth.ltd,available,24.2,24.2,medium,low,7,cloudflare,,,29/09/2026 04:58
0d14bf99-d643-4e16-95d5-3b841b04e08b,rockers.ltd,available,8.99,30.99,high,low,7,namesilo,,,23/09/2026 15:34
7c41659f-dbde-4b08-bf2c-796493c4b580,childers.ltd,available,4.34,25.04,medium,low,8,spaceship,,,30/09/2026 13:42
05b33f7b-a811-4f65-b876-ca8c8cd004c8,fascinate.ltd,available,4.34,25.04,high,low,9,spaceship,,,29/09/2026 08:16
47aed6a4-b93e-4cd9-995d-f185d7325aeb,adulation.ltd,available,4.98,42.98,medium,low,9,namecheap,,,17/09/2026 10:04
a985eb02-1f75-4109-a3b4-e2a94567e059,jacobs.ltd,available,4.98,42.98,high,low,6,namecheap,,,28/09/2026 20:14
98575d08-adbc-4247-bf35-f7b24ff65c47,kay.ltd,premium,78.54,78.54,high,low,3,namesilo,,,26/09/2026 00:52
000c71c3-031a-45ed-aafc-46099a38d4c4,coffeepots.ltd,available,8.99,30.99,medium,low,10,namesilo,,,21/09/2026 00:56
1021fab9-25f3-451a-b124-edcee05c3d78,touches.ltd,available,8.99,30.99,medium,low,7,namesilo,,,28/09/2026 04:39
4b8f5261-a048-4205-89c4-cfc57f543f5f,monterey.ltd,available,24.2,24.2,high,low,8,cloudflare,,,30/09/2026 02:19
38f0b5e8-92be-4bfd-8fcf-bf00be66f9ad,diplomatic.ltd,available,4.98,42.98,high,low,10,namecheap,,,24/09/2026 10:36
387f5525-5e8d-4fa8-84ea-e37e9cb099b8,waste.ltd,resell,,,high,low,5,"DNSPod, Inc.",07/09/2024 17:00,07/09/2030 17:00,26/09/2026 10:04
e8a76641-80c2-4c26-9871-f5a92723b7f1,bacca.ltd,available,8.99,30.99,high,low,5,namesilo,,,21/09/2026 13:55
be61820e-1897-49e3-84f2-fc872f5082b1,dandified.ltd,available,9.99,39.99,medium,low,9,name.com,,,13/08/2026 17:01
979ab24f-ffe7-45a9-8882-4a41ef94e163,alight.ltd,available,4.98,42.98,high,low,6,namecheap,,,
ace9400f-78e6-4588-9c46-2fd573227fc2,fatherless.ltd,available,4.98,42.98,medium,low,10,namecheap,,,17/08/2026 23:34
eb050cc3-5fa7-490a-a580-7478911bf6ae,packaging.ltd,available,8.99,30.99,high,low,9,namesilo,,,29/09/2026 13:38
892224f4-90a5-42fb-8033-cf624c232e46,schumacher.ltd,available,8.99,30.99,high,low,10,namesilo,,,27/09/2026 19:51
c4b79e82-73dc-4762-9d5e-7d1a84e5de89,play.ltd,premium,,,high,medium,4,"GoDaddy.com, LLC",22/06/2016 16:00,22/06/2027 16:00,29/09/2026 16:42
bc92b7f8-0aa9-4555-847e-55a6ba925654,umar.ltd,available,8.5,,high,low,4,unstoppable,,,29/09/2026 11:35
c10d10de-8547-4bbe-a174-c03427bb4d7f,inshore.ltd,available,4.98,42.98,medium,low,7,namecheap,,,22/08/2026 06:53
d6b3316e-e90a-486c-8541-0778fa92b382,indicates.ltd,available,24.2,24.2,medium,low,9,cloudflare,,,28/09/2026 08:19
a6da1824-df70-441e-8d69-3552b0fbfb39,adventurous.ltd,available,5.66,25.23,high,low,11,porkbun,,,29/09/2026 14:20
b3f17c18-9d34-4ce5-915f-b8900c3abe49,preach.ltd,available,5.66,25.23,high,low,6,porkbun,,,28/09/2026 15:35
68e6789b-4fe1-4ecc-a171-edb280bc378c,absurdity.ltd,available,8.99,30.99,medium,low,9,namesilo,,,16/09/2026 18:39
9f87e1e2-a8a1-493a-9b1f-6cce43e1c070,considering.ltd,available,8.99,30.99,medium,low,11,namesilo,,,26/09/2026 03:06
d5d67f26-6067-41e0-96ca-56d374ff6a51,amendment.ltd,available,4.98,42.98,high,low,9,namecheap,,,18/09/2026 18:38
28c61613-dbf0-46e4-b61b-1bf2754d12d4,rollicking.ltd,available,4.98,42.98,medium,low,10,namecheap,,,12/08/2026 18:08
897d7943-cf89-4633-8bee-c780bbefd6dd,sensitive.ltd,available,24.2,24.2,high,low,9,cloudflare,,,27/09/2026 20:05
0bba1674-3a7b-428f-bbcd-c27fdcd56b7a,mind.ltd,resell,,,high,medium,4,Alibaba Cloud Computing Ltd. d/b/a HiChina (www.net.cn),23/06/2016 07:39,23/06/2027 07:39,26/09/2026 07:33
e6287c95-954d-418a-9fca-f8677b9765ea,designated.ltd,available,4.34,25.04,medium,low,10,spaceship,,,28/09/2026 22:42
7d3a4722-fb03-49b3-8540-3ccca041b37c,urged.ltd,available,4.98,42.98,medium,low,5,namecheap,,,19/09/2026 03:59
69dae376-0861-45b7-b29e-1a1f647e9273,rossbach.ltd,available,8.99,30.99,medium,low,8,namesilo,,,22/09/2026 15:54
75f5849b-d385-4046-9952-d248b438c6fc,trifling.ltd,available,4.98,42.98,medium,low,8,namecheap,,,05/09/2026 00:21
e9a6d0e6-fde6-4c1b-8bfe-9935ca01d534,geek.ltd,premium,78.54,78.54,high,low,4,namesilo,,,24/09/2026 13:18
824de9fc-12fd-4375-97ad-82453b969a0c,idolized.ltd,available,4.98,42.98,medium,low,8,namecheap,,,
cb353d5c-f8cc-48e8-970d-6ac99f654483,bonhomie.ltd,available,4.98,42.98,high,low,8,namecheap,,,17/09/2026 13:57
bba9e8ce-a308-4d8d-81ce-b0bb0a3e6c12,demurely.ltd,available,4.98,42.98,medium,low,8,namecheap,,,14/09/2026 11:31
4cf49076-8ef2-496c-8da3-4d22529f8f44,solomons.ltd,available,5.57,25.9,medium,low,8,dynadot,,,30/09/2026 18:46
cd833535-2c1c-4ce7-bc62-c5434361b46a,hypnotic.ltd,available,4.98,42.98,high,low,8,namecheap,,,21/08/2026 17:07
3ba93a7f-768c-4c62-a133-a57c08b3b366,scathing.ltd,available,4.98,42.98,medium,low,8,namecheap,,,09/09/2026 22:57
b81b698d-4334-4066-9b6f-566332eb5440,innovator.ltd,available,24.2,24.2,high,low,9,cloudflare,,,28/09/2026 02:49
8c8e1fcf-9cd1-48f8-b2d5-d3c3d79b1772,historian.ltd,available,4.34,25.04,high,low,9,spaceship,,,29/09/2026 13:03
0316310a-5cc4-491a-a0cc-ed168351ae73,sluggish.ltd,available,4.98,42.98,medium,low,8,namecheap,,,10/09/2026 11:29
ac8a66dd-2a73-4412-9ccf-2a50bb173b71,disclosure.ltd,available,4.34,25.04,high,low,10,spaceship,,,27/09/2026 13:47
faf2846e-a21d-4146-80d2-f1e304e27e2f,juliette.ltd,available,24.2,24.2,medium,low,8,cloudflare,,,29/09/2026 15:24
afb4126a-803f-427e-b674-d7e34c719279,truncheon.ltd,available,8.99,30.99,medium,low,9,namesilo,,,23/09/2026 16:38
57827c96-31ca-4f16-bf76-c274a0bc696d,heirs.ltd,available,4.98,42.98,medium,low,5,namecheap,,,01/10/2026 00:10
7d5e3d36-c428-480d-8c9e-d211aa989ac4,supplement.ltd,available,8.99,30.99,high,low,10,namesilo,,,17/09/2026 06:43
b90cdf73-0b96-44e5-b9fb-24901caeb138,non.ltd,premium,34.36,68.51,medium,low,3,spaceship,,,28/09/2026 16:25
2dd398e5-bb82-4657-867d-b5acab2b874c,mated.ltd,available,4.98,42.98,high,low,5,namecheap,,,24/08/2026 17:10
569cefa4-f9aa-464a-8385-c43d1c3734a7,adience.ltd,available,4.98,42.98,medium,low,7,namecheap,,,17/09/2026 08:09
6dd384b3-1273-48df-9894-3583f06cd290,accipiter.ltd,available,8.99,30.99,medium,low,9,namesilo,,,16/09/2026 22:29
35094ed7-8461-413d-8410-6a6f49ee9e94,rigorously.ltd,available,4.98,42.98,medium,low,10,namecheap,,,15/09/2026 23:46
bc1305d0-1d73-43e1-ab77-94a8a9ea9b7f,justly.ltd,available,4.98,42.98,high,low,6,namecheap,,,15/09/2026 10:18
dd99cc60-64ae-4140-9f8f-17c4aa9baa8c,hickory.ltd,available,4.34,25.04,high,low,7,spaceship,,,30/09/2026 17:36
cbec962e-f6a2-4f9e-a7ec-910d4074c35d,finical.ltd,available,4.98,42.98,medium,low,7,namecheap,,,18/08/2026 04:56
39fc7041-16a0-421f-afe7-036d3c38b1f4,arouet.ltd,available,8.99,30.99,medium,low,6,namesilo,,,20/09/2026 08:30
42a80881-0197-4294-b828-f7ed592978b3,benedick.ltd,available,8.99,30.99,high,low,8,namesilo,,,23/09/2026 07:51
fd97406b-ac22-4222-95d1-aae5c86dc389,skint.ltd,available,4.98,42.98,medium,low,5,namecheap,,,11/08/2026 05:21
ee30e8c3-766b-4ca9-8baf-714b615895df,stilly.ltd,available,4.98,42.98,low,low,6,namecheap,,,10/09/2026 20:35
3c23032a-eba8-4375-87a2-db86ad3a3d39,unisex.ltd,available,4.98,42.98,high,low,6,namecheap,,,12/09/2026 13:52
c2e91f27-cbbf-4e9e-9b84-75c9255a3b9c,tatar.ltd,available,8.5,,high,low,5,unstoppable,,,29/09/2026 01:41
57e69399-a8c6-48de-ae15-25fae8fe569f,songful.ltd,available,4.98,42.98,medium,low,7,namecheap,,,11/08/2026 17:36
902ca3e4-944c-4b6c-b366-f50ea9585af8,composer.ltd,available,8.99,30.99,high,low,8,namesilo,,,24/09/2026 16:53
ac5de6f9-c5f1-4ab7-b3be-e3a8e01b8522,tribe.ltd,resell,,,high,medium,5,"Chengdu West Dimension Digital Technology Co., Ltd.",13/12/2023 18:13,13/12/2026 18:13,26/09/2026 09:45
c0c344a7-6604-4754-8193-ae8f3265528c,bothered.ltd,available,4.98,42.98,medium,low,8,namecheap,,,23/09/2026 01:08
05df93e6-011f-464b-ab35-c0c282131603,flameproof.ltd,available,4.98,42.98,high,low,10,namecheap,,,18/08/2026 06:28
a6fad40a-d875-4c25-bcba-9c83b9d0302f,crowns.ltd,available,8.99,30.99,medium,low,6,namesilo,,,18/09/2026 06:26
58434cdf-a486-4464-9f11-686fb19986f6,mesolithic.ltd,available,4.98,42.98,medium,low,10,namecheap,,,24/08/2026 21:17
2f4456e9-e007-4db4-89c5-b1fa7a74ca22,dorm.ltd,available,9.99,39.99,high,low,4,name.com,,,24/09/2026 23:35
5732df0f-4dec-4e42-a17a-a40715fc03f1,dopy.ltd,available,4.98,42.98,low,low,4,namecheap,,,14/08/2026 16:02
4e0f7e4a-87fb-49ef-bc22-22891d341e8c,falmouth.ltd,available,4.34,25.04,medium,low,8,spaceship,,,28/09/2026 07:50
23535157-0bb6-46c3-9e04-0190fa990dcb,marianne.ltd,available,8.99,30.99,medium,low,8,namesilo,,,29/09/2026 03:47
453a2bf6-39ff-4fdc-88e6-63b361b9093a,nietzsche.ltd,available,8.99,30.99,medium,low,9,namesilo,,,30/09/2026 17:24
418f5527-8714-4b20-aefe-5ad5bef3a407,enrolled.ltd,available,8.5,,medium,low,8,unstoppable,,,29/09/2026 10:33
6502bd26-fe19-48ed-82ca-2b5105f4e5ec,might.ltd,available,5.57,25.9,high,low,5,dynadot,,,30/09/2026 04:30
7543def8-32e0-46ca-b69f-e20ca564f925,aileron.ltd,available,4.98,42.98,medium,low,7,namecheap,,,17/09/2026 21:10
11fde2ce-1d65-4a46-a19e-6fe049750e0b,vera.ltd,resell,,,high,medium,4,,,,28/09/2026 07:03
e7c00fa7-69ed-43de-b645-a3a136a477f6,plenteous.ltd,available,4.98,42.98,medium,low,9,namecheap,,,08/09/2026 21:08
a2af6e8e-f6a1-4fa4-bb06-b92bd6466567,caleb.ltd,available,8.99,30.99,high,low,5,namesilo,,,27/09/2026 11:16
fcd57570-c0d7-49b2-9d00-2273447ad162,tawny.ltd,available,4.98,42.98,high,low,5,namecheap,,,11/09/2026 09:19
36b2dd83-2e57-4a11-ad44-96eb42801dba,whereby.ltd,available,9.99,,medium,low,7,name.com,,,
7d14261b-ed3b-4197-8f36-1a2b82ff4a60,perforated.ltd,available,4.98,42.98,high,low,10,namecheap,,,08/09/2026 16:52
21123ada-c090-4ddc-a9e7-5b82dec2c6fa,inverted.ltd,available,4.98,42.98,medium,low,8,namecheap,,,
b4754fe7-fa7d-4447-9b9b-04b279530350,mutative.ltd,available,4.98,42.98,medium,low,8,namecheap,,,03/09/2026 11:48
631d5d15-a469-40b4-84fe-1ffdca409c77,ashur.ltd,available,8.99,30.99,medium,low,5,namesilo,,,20/09/2026 13:50
6f673cc7-6ac1-4273-9e21-01190e8b007f,fundraising.ltd,available,4.34,25.04,high,low,11,spaceship,,,30/09/2026 14:29
7265f8fa-4b78-4130-a38b-cfca638869e6,degrees.ltd,available,8.99,30.99,medium,low,7,namesilo,,,25/09/2026 17:04
197fab1b-c224-4c4e-82ce-da146196d864,barron.ltd,available,8.99,30.99,medium,low,6,namesilo,,,27/09/2026 08:02
9d5069a6-778e-4f71-9e73-d4c0665d425c,portraits.ltd,resell,,,medium,low,9,,,,30/09/2026 00:16
eebd8b35-021a-42a5-865a-685f1e2f4a14,peroxide.ltd,available,8.99,30.99,high,low,8,namesilo,,,01/10/2026 02:39
3a7eec1a-608c-4fac-959c-8fdc889282f1,springtime.ltd,available,9.99,,high,low,11,name.com,,,
e952c457-acb2-4b13-8679-bb83407ef761,successors.ltd,available,8.99,30.99,medium,low,10,namesilo,,,20/09/2026 05:21
cac12c0b-c943-42b8-b3c1-964aefb82f81,elementary.ltd,available,4.98,42.98,high,low,10,namecheap,,,16/08/2026 03:31
7ec6d773-e1f1-4e5d-b7f8-5a2b1ddb8b3f,henceforth.ltd,available,4.98,42.98,medium,low,10,namecheap,,,15/09/2026 00:15
063fd5dd-d5fb-429d-a0e1-c51232c0fe9f,alimentary.ltd,available,4.98,42.98,medium,low,10,namecheap,,,
a2105ebd-e34d-4b80-8952-5954b9cf7c6f,terrifying.ltd,available,8.99,30.99,medium,low,10,namesilo,,,28/09/2026 02:19
8e59427c-5ca2-46bb-ab65-e75b1a9baf14,unblended.ltd,available,4.98,42.98,medium,low,9,namecheap,,,12/09/2026 02:12
6788795c-5827-4418-a907-0dc65ce8eb3f,renting.ltd,available,8.99,30.99,high,low,7,namesilo,,,29/09/2026 13:46
433ead1f-72ff-42b1-844b-4ec9479a553b,godown.ltd,available,9.99,,medium,low,7,name.com,,,
9b91f5fd-7bba-444f-b5f7-94bd4b8dfc5e,hedges.ltd,available,8.99,30.99,medium,low,6,namesilo,,,30/09/2026 04:31
142cbbe9-c218-4403-b7a7-fb900133c765,reconciled.ltd,available,4.98,42.98,high,low,10,namecheap,,,09/09/2026 11:49
a6e79518-1e6b-48a9-a70d-1f589c39b864,autoloader.ltd,available,8.99,30.99,medium,low,10,namesilo,,,21/09/2026 06:48
49cf512d-7961-4abe-8bae-edb818f7db3f,notably.ltd,available,4.98,42.98,medium,low,7,namecheap,,,15/09/2026 16:54
3b4edca5-33b2-4085-b6f1-0cacedd00955,kannada.ltd,available,4.98,42.98,high,low,7,namecheap,,,30/09/2026 17:46
385313f1-36d0-471c-98c2-43f7f20626ec,whirring.ltd,available,4.98,42.98,medium,low,8,namecheap,,,13/09/2026 11:28
8f31e111-aa7d-4f75-948d-d64592843cf0,chat.ltd,resell,,,high,medium,4,"Chengdu West Dimension Digital Technology Co., Ltd.",19/06/2016 16:00,19/06/2029 16:00,26/09/2026 04:52
8a8730ed-dd25-40c0-b135-b66b1c51c71c,porkfish.ltd,available,8.99,30.99,medium,low,8,namesilo,,,19/09/2026 09:38
0cd98ba8-8a34-49a4-a862-612ea63df63f,tantrum.ltd,available,4.98,42.98,medium,low,7,namecheap,,,18/08/2026 05:41
e38b7d2e-84ea-45b4-80c6-8272bf6af5bd,courting.ltd,available,8.99,30.99,high,low,8,namesilo,,,30/09/2026 09:16
8342cafd-6f8b-4a30-8fb5-eba255859c67,scentless.ltd,available,4.98,42.98,medium,low,9,namecheap,,,09/09/2026 23:00
6f9da184-2a12-4a4c-8891-6c168470a209,jib.ltd,premium,118.8,118.8,high,low,3,namesilo,,,21/09/2026 22:10
031274f9-f364-4b03-830c-6d4db9f037fd,evidential.ltd,available,4.98,42.98,high,low,10,namecheap,,,17/08/2026 15:02
17010629-5948-41cd-9116-3be646991566,paintings.ltd,resell,,,high,low,9,,,,27/09/2026 03:04
dc29d3d7-442b-4e1f-9be7-1e7b797340d9,antigram.ltd,available,8.99,30.99,low,low,8,namesilo,,,19/09/2026 14:31
c4c1dc19-0c00-4a5a-91f2-82c38e2269a0,nilpotent.ltd,available,4.98,42.98,medium,low,9,namecheap,,,03/09/2026 17:28
cf9fd2e5-1150-4d57-a222-6546d9cb8777,squire.ltd,available,5.66,25.23,high,low,6,porkbun,,,29/09/2026 08:07
7c2e35d7-9752-482d-84c0-120f9959919d,fitted.ltd,available,4.98,42.98,high,low,6,namecheap,,,18/08/2026 05:47
af0f5686-6875-4e4a-a406-962703cce12a,potent.ltd,available,4.98,42.98,high,low,6,namecheap,,,09/09/2026 00:48
41c20f75-743e-4d1a-a020-a0c9066ba4b7,kat.ltd,premium,42.9,85.8,medium,low,3,namecheap,,,17/09/2026 15:23
3a1ba34e-d78a-4162-807a-a36f273f9ad3,sartre.ltd,available,4.34,25.04,high,low,6,spaceship,,,29/09/2026 07:22
f394d4f5-4878-4984-9331-c3c5abc32e0d,contorted.ltd,available,4.98,42.98,medium,low,9,namecheap,,,12/08/2026 23:22
a7d8dd36-3c89-4e1b-a883-2e8231c2dfbb,eindhoven.ltd,available,4.98,42.98,high,low,9,namecheap,,,30/09/2026 01:28
192b6273-77f2-4a0f-a561-d67fe12fda63,grabbing.ltd,available,8.99,30.99,high,low,8,namesilo,,,29/09/2026 14:55
271b1646-6344-4ebe-98ff-9ddae87a3099,trollope.ltd,available,8.99,30.99,medium,low,8,namesilo,,,19/09/2026 13:43
3833700e-bbda-4e92-9fb1-4129cf064969,adversary.ltd,available,4.98,42.98,medium,low,9,namecheap,,,17/09/2026 10:44
269f2a36-5367-4b5a-9c75-53283c2ceb82,detector.ltd,available,9.99,39.99,high,low,8,name.com,,,24/09/2026 21:49
c9075959-8685-4dc2-9b35-afe45e0607c8,hooker.ltd,available,8.99,30.99,medium,low,6,namesilo,,,25/09/2026 22:46
735962c8-f764-4dd6-ba3d-f2ee6a81421e,unladylike.ltd,available,4.98,42.98,medium,low,10,namecheap,,,12/09/2026 14:39
994fa7a5-4f72-4175-88f3-5a3a4e9254ff,regulations.ltd,available,8.99,30.99,medium,low,11,namesilo,,,28/09/2026 04:25
baa8e341-44cf-4951-9a20-d15631a170eb,siblings.ltd,available,5.66,25.23,medium,low,8,porkbun,,,29/09/2026 10:27
9ad52328-39c4-4020-8476-69593c793b46,unpredictable.ltd,available,4.34,25.04,medium,low,13,spaceship,,,28/09/2026 15:57
c5ba22c9-098a-44b6-935d-48a17874b295,drippage.ltd,available,4.98,42.98,medium,low,8,namecheap,,,14/09/2026 14:34
c01411e6-1fc7-49ce-b1a4-3ffeecfaf312,necks.ltd,available,4.98,42.98,medium,low,5,namecheap,,,19/09/2026 20:42
37f73a30-0b45-4071-82e2-34dddf880477,uplifted.ltd,available,4.98,42.98,high,low,8,namecheap,,,12/09/2026 23:11
4454e3a1-c8b0-46b8-8f1a-073d4b4a2d4e,vicky.ltd,available,5.57,25.9,medium,low,5,dynadot,,,29/09/2026 03:57
a4af6787-6b0a-42e8-ade8-69e902fbc8a9,dreamed.ltd,available,5.57,25.9,medium,low,7,dynadot,,,27/09/2026 21:44
23af085e-d708-44b1-820b-edf321130902,alar.ltd,available,4.98,42.98,medium,low,4,namecheap,,,
03f7a09a-7566-4db1-a47f-ecf9e8445ddd,respective.ltd,available,24.2,24.2,medium,low,10,cloudflare,,,30/09/2026 14:27
0f9d2ab9-53c4-4271-b08f-4fe279dcb2de,handcuffs.ltd,available,8.99,30.99,medium,low,9,namesilo,,,30/09/2026 14:17
a8ef329a-154f-4dd8-bf76-371cccee6f34,helmets.ltd,available,4.34,25.04,medium,low,7,spaceship,,,30/09/2026 00:28
34f02b1a-1f8c-4cff-9f01-4a3026a4146b,ledge.ltd,available,4.34,25.04,high,low,5,spaceship,,,29/09/2026 01:33
bd227ca9-3474-4e5d-9bf6-19a9f2ca5dd4,rueful.ltd,available,4.98,42.98,medium,low,6,namecheap,,,12/08/2026 23:38
e9b61745-badd-45a0-8304-2faac1e87286,sphincter.ltd,available,8.99,30.99,medium,low,9,namesilo,,,19/09/2026 03:31
9bd3a351-faa6-4efd-b784-e3424937ec3c,proteins.ltd,available,4.98,42.98,medium,low,8,namecheap,,,08/09/2026 07:13
a7c62405-2c63-4488-b8c2-a193209f81d7,slut.ltd,available,8.99,30.99,high,low,4,namesilo,,,17/09/2026 10:21
92dc9450-e1eb-4dda-9fe7-704fdf3e0c09,elves.ltd,available,5.57,25.9,high,low,5,dynadot,,,29/09/2026 18:45
ab4cbcd4-eff1-40b0-9a04-8f3ca35decfa,facade.ltd,available,24.2,24.2,high,low,6,cloudflare,,,30/09/2026 09:35
32dff8e2-542a-4625-b0ba-602238c85ce3,authoriser.ltd,available,4.98,42.98,medium,low,10,namecheap,,,21/09/2026 05:16
06129e71-d16d-4374-9ab9-18f62e37b4d5,ordnance.ltd,available,8.99,30.99,high,low,8,namesilo,,,20/09/2026 11:44
896e4ae3-17ec-4939-aced-1088d47802e6,charleston.ltd,available,4.98,42.98,high,low,10,namecheap,,,29/09/2026 07:20
cad1b996-77b8-4f53-b6c6-b8cea1a130f1,hayley.ltd,available,4.34,25.04,high,low,6,spaceship,,,30/09/2026 13:14
aa6005ac-b953-4145-8456-0b4516c1becb,waive.ltd,available,4.98,42.98,high,low,5,namecheap,,,18/08/2026 11:49
538b18ab-8b80-410d-96fd-75e3bea4027d,provinces.ltd,available,4.98,42.98,medium,low,9,namecheap,,,18/09/2026 15:35
38db64e2-ea76-4d0c-911f-04805d6ab1ff,removal.ltd,available,24.2,24.2,high,low,7,cloudflare,,,30/09/2026 09:46
193a2bb0-46ef-4d7c-91fb-3d72d63db443,aten.ltd,available,9.99,39.99,medium,low,4,name.com,,,20/09/2026 20:04
352cf3b9-c5f8-4cbc-ae47-caf1f00aa95b,handing.ltd,available,8.99,30.99,high,low,7,namesilo,,,28/09/2026 11:31
43cd2b54-2ad3-4b7d-85b1-931c7195ca56,aroused.ltd,available,4.98,42.98,high,low,7,namecheap,,,
93ef528c-b9cb-46e3-a8f4-66a76042628f,asphyxia.ltd,available,8.99,30.99,medium,low,8,namesilo,,,20/09/2026 15:10
dba71fbd-014e-4b56-a0e6-441a13ca659f,invasive.ltd,available,4.98,42.98,medium,low,8,namecheap,,,16/08/2026 23:54
7300d4f8-3ef0-450f-98e9-5eede545abde,cactus.ltd,resell,,,high,low,6,Alibaba Cloud Computing Ltd. d/b/a HiChina (www.net.cn),21/12/2024 20:21,21/12/2028 20:21,26/09/2026 04:42
273b50d3-657f-469f-a9e3-2bb7951b8d69,loses.ltd,available,8.99,30.99,medium,low,5,namesilo,,,27/09/2026 11:07
cf2f110f-28fc-4124-ba57-20182246e2ee,blowzy.ltd,available,4.98,42.98,low,low,6,namecheap,,,10/08/2026 15:41
07efdd31-0cfc-4788-916a-771c303bd807,numbered.ltd,available,24.2,24.2,medium,low,8,cloudflare,,,29/09/2026 10:20
3e22ce0e-b8f2-4dd1-80ed-04356458e187,colbert.ltd,available,4.98,42.98,medium,low,7,namecheap,,,27/09/2026 12:41
5a895d52-1efd-4c02-98eb-e806a511b13e,cesium.ltd,available,4.98,42.98,medium,low,6,namecheap,,,20/09/2026 23:15
34f39490-ab88-4773-8a11-3e9b23f616df,intoxicated.ltd,available,8.99,30.99,medium,low,11,namesilo,,,30/09/2026 03:42
0b6daf03-9afd-4305-bf15-3dc7078395a4,lichens.ltd,available,4.34,25.04,low,low,7,spaceship,,,29/09/2026 05:48
d929a23d-d12d-4fe1-8321-24f998a03206,shiner.ltd,available,8.99,30.99,medium,low,6,namesilo,,,24/09/2026 00:40
dbc87ae9-bb95-46b5-87be-58a81176e4d1,northerner.ltd,available,4.98,42.98,medium,low,10,namecheap,,,13/09/2026 14:16
be4ccd5b-95c1-42a9-8921-5571e0f58a0c,jaunty.ltd,available,4.98,42.98,medium,low,6,namecheap,,,12/08/2026 06:01
bb6ca6d0-67ce-4b81-ae84-b50854ec1019,barbershop.ltd,available,8.99,30.99,high,low,10,namesilo,,,22/09/2026 04:52
bc71d29a-481d-4ae0-b2bd-f89e8081beb0,nebulously.ltd,available,4.98,42.98,low,low,10,namecheap,,,15/09/2026 16:18
853f09c4-d11d-429d-821f-98ac610786ed,eyes.ltd,premium,46.2,92.4,high,low,4,namecheap,,,29/09/2026 18:46
487797da-2543-47fa-a7ea-2b9f3e17b4ed,analgesia.ltd,available,4.98,42.98,high,low,9,namecheap,,,19/09/2026 01:49
0efaea27-e71e-45e3-a250-c07e7a8da85f,braunschweig.ltd,available,8.99,30.99,medium,low,12,namesilo,,,30/09/2026 15:41
db96558d-241f-473f-9696-97b5b60e2b00,hemisphere.ltd,available,4.34,25.04,high,low,10,spaceship,,,29/09/2026 06:17
8d2025c3-34e7-4cf7-842b-9a7431397fb6,millimeter.ltd,available,8.5,,high,low,10,unstoppable,,,30/09/2026 18:02
92942ab7-e133-4aa3-8b2b-5a6fb73443fa,manageable.ltd,available,4.34,25.04,high,low,10,spaceship,,,28/09/2026 15:51
2a4fd85b-e9fb-4c6b-96ae-cdfec536831c,landowner.ltd,available,24.2,24.2,high,low,9,cloudflare,,,01/10/2026 02:50
bac34955-132c-4229-bf70-2d2ad8279e29,atheneum.ltd,available,8.99,30.99,medium,low,8,namesilo,,,20/09/2026 20:41
276f9933-b4e1-4eee-9799-def1749e6286,petrified.ltd,available,4.34,25.04,medium,low,9,spaceship,,,01/10/2026 05:17
5874a351-1572-48e8-b897-8dd7f15c5b42,brassy.ltd,available,4.98,42.98,medium,low,6,namecheap,,,11/08/2026 02:33
2d1b72f6-5515-4475-a380-5ee19be19c20,blouse.ltd,available,8.99,30.99,medium,low,6,namesilo,,,29/09/2026 06:07
9dfd477e-c285-4bdc-a602-ccbb3a655e90,bessarabia.ltd,available,4.34,25.04,medium,low,10,spaceship,,,30/09/2026 21:27
b4307a33-dd35-4d7c-89d5-0ca18017fadf,recount.ltd,available,24.2,24.2,high,low,7,cloudflare,,,30/09/2026 18:26
292fa4d4-3a0e-4c6d-b549-21dc5a82608f,undergo.ltd,available,8.99,30.99,high,low,7,namesilo,,,30/09/2026 03:15
1fe49af3-ce81-496f-a1d3-093bd184c893,hewlett.ltd,available,8.99,30.99,medium,low,7,namesilo,,,28/09/2026 23:16
5be8d302-914d-441a-bd1e-c625dbf6b7b0,dogmatic.ltd,available,4.98,42.98,high,low,8,namecheap,,,14/08/2026 15:09
68a4c33c-8dda-4f8b-b547-d4472b436c2f,neumann.ltd,available,4.98,42.98,high,low,7,namecheap,,,25/09/2026 23:19
6329a5ce-40bf-4d2b-9ce6-9c6e55312290,cbo.ltd,premium,118.8,118.8,high,low,3,namesilo,,,30/09/2026 04:30
b62dbb45-94a1-4644-8087-948b9a1b02f5,indolent.ltd,available,4.98,42.98,medium,low,8,namecheap,,,17/08/2026 20:53
58aa8065-ebb8-48a0-a395-696298a9a29a,ionizing.ltd,available,5.57,25.9,medium,low,8,dynadot,,,29/09/2026 08:38
3b219c80-dbc0-4c36-8e8a-7a509ebd2e6d,finnish.ltd,available,4.98,42.98,high,low,7,namecheap,,,18/08/2026 05:03
e0632d50-42a6-4469-aaff-b640cefe5b79,pulpit.ltd,available,4.98,42.98,high,low,6,namecheap,,,18/09/2026 17:14
cabac325-b2b4-4d33-8cc6-f3365eaa458e,wigeon.ltd,available,8.99,30.99,medium,low,6,namesilo,,,19/09/2026 03:00
729fd37d-8b3a-4e8e-9f22-24e6e87b2dd4,dyke.ltd,available,4.98,42.98,medium,low,4,namecheap,,,11/08/2026 11:35
3fb1fe72-f0d5-4398-9837-7116e5bc63bc,from.ltd,available,4.98,42.98,high,low,4,namecheap,,,08/09/2026 08:57
7696e605-4445-4108-ab6e-ad9293c1811e,tyranny.ltd,available,4.98,42.98,medium,low,7,namecheap,,,16/09/2026 18:02
1ba0b484-bb9a-46bc-bcd5-b5e568540126,esthetical.ltd,available,4.98,42.98,medium,low,10,namecheap,,,21/09/2026 21:22
51ef46bd-b506-4ab4-9638-3bde08e8c698,konrad.ltd,available,8.99,30.99,medium,low,6,namesilo,,,28/09/2026 12:53
19d01b80-f7d6-48ed-b6cc-01cf1e4febf2,loire.ltd,available,8.99,30.99,medium,low,5,namesilo,,,28/09/2026 14:48
c5e6ad96-ef52-4476-bfe4-954d27bf01f4,application.ltd,available,8.99,30.99,high,low,11,namesilo,,,27/09/2026 02:05
6e50b976-ac85-46d6-9173-5a81e2f0feff,linear.ltd,resell,,,high,low,6,"Xiamen ChinaSource Internet Service Co., Ltd",27/08/2024 17:00,27/08/2027 17:00,26/09/2026 07:15
2cfb76e3-81cb-4328-99a8-9bd7cafe09c2,qat.ltd,premium,38.94,38.94,medium,low,3,namesilo,,,17/09/2026 15:24
2a9da847-2449-4f59-b8a7-a49a4498c4b1,crib.ltd,available,4.34,25.04,high,low,4,spaceship,,,29/09/2026 00:31
74db6b3b-6f8d-4850-8fb1-2eb3e9e74e5b,dame.ltd,available,4.98,42.98,high,low,4,namecheap,,,24/09/2026 20:56
dcb2a929-4392-433e-8338-7fed0077a407,laura.ltd,available,8.99,30.99,high,low,5,namesilo,,,25/09/2026 11:31
32add91d-defa-4fc4-83f8-b97afe71d805,punkey.ltd,available,8.99,30.99,medium,low,6,namesilo,,,23/09/2026 22:34
c0db3a67-fef7-45dd-b042-72cabef7eb80,termination.ltd,available,4.98,42.98,high,low,11,namecheap,,,04/09/2026 07:49
995a1cc8-7438-49e9-bcf6-4566a120d19c,chicks.ltd,available,8.99,30.99,medium,low,6,namesilo,,,20/09/2026 03:49
d97997f3-2032-47b3-ace8-ffc5a87be2c3,partizan.ltd,available,4.98,42.98,high,low,8,namecheap,,,08/09/2026 02:09
d0abf31e-9535-455a-ab2f-4663b542496e,tellingly.ltd,available,8.99,30.99,medium,low,9,namesilo,,,16/09/2026 08:14
aace5667-df50-4cba-bd7e-e9becbf3f1e9,abrupt.ltd,available,4.98,42.98,high,low,6,namecheap,,,
0da243c2-9103-4baf-bd63-85a9c7610c8b,carrollton.ltd,available,4.34,25.04,high,low,10,spaceship,,,29/09/2026 22:42
e5d0cab5-4108-4787-9b8d-830978924102,lao.ltd,resell,,,high,low,3,Alibaba Cloud Computing Ltd. d/b/a HiChina (www.net.cn),22/06/2016 16:15,22/06/2031 16:15,26/09/2026 07:08
199527f2-744d-47fe-9be7-eea31c0a6681,arsine.ltd,available,8.99,30.99,medium,low,6,namesilo,,,20/09/2026 09:42
b2039426-4f14-4c92-9166-fdd353518c43,holdup.ltd,available,8.99,30.99,high,low,6,namesilo,,,20/09/2026 06:37
675bb0e4-c8b7-4709-bf6b-b635d5eba1ec,nobel.ltd,available,4.98,42.98,high,low,5,namecheap,,,18/09/2026 06:24
e7e8afeb-6185-48e6-a439-32e68d1adf93,bassine.ltd,available,8.99,30.99,medium,low,7,namesilo,,,22/09/2026 12:22
ea1e202b-b95c-44dd-aaea-04e6fa25cb02,apothecium.ltd,available,8.99,30.99,medium,low,10,namesilo,,,19/09/2026 19:43
7f4dc978-b9ee-4212-a04f-9eda213b00a3,malcontent.ltd,available,4.98,42.98,medium,low,10,namecheap,,,14/08/2026 09:23
5c6ad4fd-8565-4507-bd18-9fd3d21f983f,variety.ltd,available,8.99,30.99,high,low,7,namesilo,,,25/09/2026 12:52
7be732f2-73df-4833-bf18-42014d72bef5,formulated.ltd,available,4.98,42.98,high,low,10,namecheap,,,18/08/2026 12:22
f1ce49a2-3258-4ccd-8897-40a952d6c7f3,plains.ltd,available,24.2,24.2,medium,low,6,cloudflare,,,29/09/2026 09:36
40c5232c-bdd3-4e6a-baee-f2ba47aba4f0,grassless.ltd,available,4.98,42.98,medium,low,9,namecheap,,,20/08/2026 18:13
f80948c9-344c-44a7-9582-7aae01186d7c,reclaim.ltd,available,4.98,42.98,high,low,7,namecheap,,,29/09/2026 02:43
3da258c1-b4bb-4fd1-83a5-c8be7e882d62,anointer.ltd,available,8.99,30.99,medium,low,8,namesilo,,,19/09/2026 11:18
2291ec8f-5831-4c6d-a038-e75ac4029500,cappuccino.ltd,available,8.5,,high,low,10,unstoppable,,,29/09/2026 07:24
9c51eb69-e1df-469a-8be3-1151c960c9f6,autolytic.ltd,available,4.98,42.98,medium,low,9,namecheap,,,07/08/2026 20:42
63faa994-307f-40c4-a55d-e28e31bb7d38,maledict.ltd,available,4.98,42.98,low,low,8,namecheap,,,
b9f61136-fcc9-442a-8768-4fa91b470731,sevenup.ltd,available,4.34,25.04,high,low,8,spaceship,,,30/09/2026 06:05
a51c8e3c-383c-4c99-a4b2-bf3d97751e8b,slaughter.ltd,available,4.98,42.98,medium,low,9,namecheap,,,13/09/2026 08:00
4c8721d7-d03b-4646-9d21-31b58afb1b2c,uprightly.ltd,available,4.98,42.98,medium,low,9,namecheap,,,15/09/2026 01:06
0c79750e-2cf9-42cf-b2f7-6a42131b4fe2,axes.ltd,available,5.98,42.98,low,low,4,namecheap,,,
426deb0a-6141-4272-b8dd-315f3f146f28,optional.ltd,available,4.98,42.98,high,low,8,namecheap,,,04/09/2026 17:10
377f12ad-5fc1-46e2-b58b-37b2124f4100,dynastic.ltd,available,4.98,42.98,medium,low,8,namecheap,,,14/08/2026 21:59
812c574b-6a54-4e29-af65-07c7b5f78db3,autarchy.ltd,available,8.99,30.99,medium,low,8,namesilo,,,21/09/2026 05:05
5e19a375-9c86-4a40-9008-7e37a66d5307,schilling.ltd,available,8.99,30.99,high,low,9,namesilo,,,21/09/2026 04:58
dd72e3ce-71fe-45e2-9440-2fbef07c6a74,runny.ltd,available,4.98,42.98,medium,low,5,namecheap,,,09/09/2026 19:37
e575be5f-2577-4c55-86e9-959568960a1f,haircut.ltd,available,8.5,,high,low,7,unstoppable,,,29/09/2026 21:56
a568b017-e662-4dcd-8670-1e38855a71f4,spurting.ltd,available,4.98,42.98,medium,low,8,namecheap,,,22/08/2026 13:13
5fac2c44-bb2a-446a-a105-b06184c678a1,gravesend.ltd,available,8.99,30.99,medium,low,9,namesilo,,,30/09/2026 21:51
10e2c1bf-d988-4aaa-b805-21252e02b60c,semihard.ltd,available,4.98,42.98,high,low,8,namecheap,,,10/09/2026 03:04
9f17b5fa-d09d-4498-afcb-c9937353c7fc,rifle.ltd,available,8.99,30.99,high,low,5,namesilo,,,27/09/2026 04:01
52a72f97-3cdf-4413-a2aa-ec2f2e408dbb,pentagon.ltd,available,4.34,25.04,high,low,8,spaceship,,,28/09/2026 06:34
b2eb4112-cd4f-4a32-acdf-c0d35089735a,reducing.ltd,available,8.5,,high,low,8,unstoppable,,,29/09/2026 07:56
b8de908b-f0e8-4c57-a4a5-f6e2bea4ded0,apologize.ltd,available,8.99,30.99,high,low,9,namesilo,,,30/09/2026 15:06
de683ce6-222a-416e-b683-62433425aec0,cultivators.ltd,available,5.57,25.9,medium,low,11,dynadot,,,30/09/2026 00:43
fd57d7ce-7fa5-41ab-9f79-32d29f82f9f9,uttermost.ltd,available,4.98,42.98,high,low,9,namecheap,,,17/08/2026 22:44
b2dbf3b4-0686-4797-ad5c-96e37727abac,nkvd.ltd,available,4.34,25.04,medium,low,4,spaceship,,,30/09/2026 04:47
912f554e-32f5-4e5a-8359-b063acf6a7a4,gatt.ltd,available,4.98,42.98,high,low,4,namecheap,,,30/09/2026 09:53
07d0a13b-f713-4ee8-a8fe-b87aba3b6a43,tells.ltd,available,4.98,42.98,medium,low,5,namecheap,,,18/09/2026 14:10
0f190cca-a5ff-4604-824e-8bc48aaa5010,steps.ltd,available,5.57,25.9,high,low,5,dynadot,,,30/09/2026 11:47
247cc777-41e2-4852-b9dd-71b6ac7398d0,uncoupled.ltd,available,4.98,42.98,medium,low,9,namecheap,,,12/09/2026 06:17
c1f1d993-07d6-4bbf-9bbf-544f24dc159a,flatfoot.ltd,available,4.98,42.98,medium,low,8,namecheap,,,10/09/2026 16:10
6d35af5c-f47a-408a-80b2-935ae49b7af7,olmsted.ltd,available,5.66,25.23,medium,low,7,porkbun,,,28/09/2026 19:15
d40d17a2-a149-4883-9620-c6cbd2f05ba5,airworthy.ltd,available,4.98,42.98,medium,low,9,namecheap,,,
16e566ab-d738-4f84-a771-194876a423c4,magically.ltd,available,4.98,42.98,high,low,9,namecheap,,,13/09/2026 21:17
728539d9-272c-4854-9a74-6211d0caef33,hugely.ltd,available,4.98,42.98,medium,low,6,namecheap,,,14/09/2026 15:49
330dd5ec-3517-43ce-9888-a4769bc5ba48,aeneas.ltd,available,8.99,30.99,medium,low,6,namesilo,,,17/09/2026 12:27
6d79b0d8-a541-4910-9228-f4f1f8509cbe,pop.ltd,resell,,,high,medium,3,Alibaba Cloud Computing Ltd. d/b/a HiChina (www.net.cn),22/06/2016 16:20,22/06/2028 16:20,26/09/2026 08:15
46252aed-0edf-4d47-b130-93878a5e191a,emollient.ltd,available,4.98,42.98,medium,low,9,namecheap,,,14/08/2026 01:39
655bebe9-4f90-4112-aa4b-0f54fd094c8b,alum.ltd,available,4.98,42.98,high,low,4,namecheap,,,20/08/2026 17:49
f15fcd78-589a-4063-9375-7fa4c941f160,nervously.ltd,available,4.98,42.98,medium,low,9,namecheap,,,15/09/2026 16:28
05bc4503-67ed-4c7c-9dd6-7c8af11e2361,apparatus.ltd,available,4.98,42.98,high,low,9,namecheap,,,19/09/2026 19:49
e993a5fc-60a8-4574-af28-f92f4f7e73c4,investigators.ltd,available,8.99,30.99,medium,low,13,namesilo,,,29/09/2026 00:00
191a8f6b-9d87-4680-bb1c-7e741bec83b6,vladivostok.ltd,available,4.34,25.04,high,low,11,spaceship,,,29/09/2026 15:13
9c3cd2ba-71f8-4b65-a00f-05791c3b8530,africa.ltd,resell,,,high,medium,6,Alibaba Cloud Computing Ltd. d/b/a HiChina (www.net.cn),21/06/2016 11:07,21/06/2027 11:07,26/09/2026 01:25
42a5a342-f6a5-4125-b3d9-1d2ea0693c72,sophomore.ltd,available,4.98,42.98,high,low,9,namecheap,,,10/09/2026 14:17
ae08f599-2d3c-4aed-8acb-7a51db7986c6,coloured.ltd,available,4.98,42.98,high,low,8,namecheap,,,22/09/2026 20:29
2341043e-6e32-421a-9b8e-3df6be731774,schemes.ltd,available,8.5,,medium,low,7,unstoppable,,,29/09/2026 17:00
20731046-dce2-4749-aae3-b939dbc9f159,disorder.ltd,available,8.99,30.99,high,low,8,namesilo,,,24/09/2026 22:27
a6987713-276f-4cd1-8bc6-f24d713aea13,bosomed.ltd,available,4.98,42.98,medium,low,7,namecheap,,,10/08/2026 20:23
3f4e93bb-6199-4ca8-a06a-d674c843135a,coffeecakes.ltd,available,8.99,30.99,medium,low,11,namesilo,,,21/09/2026 00:59
7695f317-2423-4fb9-a784-504a6249ac98,lithuanian.ltd,available,4.98,42.98,high,low,10,namecheap,,,24/08/2026 07:30
8c90bc8f-f093-4f6b-ba70-2ff24e0dfbad,wagons.ltd,available,4.98,42.98,medium,low,6,namecheap,,,19/09/2026 20:22
af0c5688-6bd2-4574-8920-9ccc52501add,bellyache.ltd,available,8.99,30.99,medium,low,9,namesilo,,,23/09/2026 00:26
58fabd40-e518-44db-87dc-c4945a010068,waiter.ltd,available,8.99,30.99,high,low,6,namesilo,,,30/09/2026 10:59
0bc24b74-fbe2-449a-8aa5-6e87690f284e,anaclitic.ltd,available,4.98,42.98,medium,low,9,namecheap,,,
dd1c8c55-d71f-408c-bf18-3fdaa4a54dd6,harassed.ltd,available,4.98,42.98,medium,low,8,namecheap,,,21/08/2026 00:06
56965b06-ea7a-4412-bd4d-c2bea3ce537b,essayer.ltd,available,8.99,30.99,medium,low,7,namesilo,,,21/09/2026 01:22
05eae6af-81cc-4187-87b8-791707096d0e,anthropic.ltd,available,,,high,high,9,,,,
9a057d50-241d-4dda-995c-739bdd300492,earlyish.ltd,available,4.98,42.98,medium,low,8,namecheap,,,14/08/2026 22:29
39b5971f-4de7-4e7b-8096-50a3044b37fe,dealership.ltd,available,8.5,30.99,high,low,10,unstoppable,,,29/09/2026 06:18
ae1b8fb4-b1ed-4e20-b35c-7478cd089c6e,very.ltd,resell,,,high,low,4,,,,27/09/2026 09:52
fb3f7f3c-f625-4dcd-929e-d8c487219cef,rocha.ltd,available,5.57,25.9,high,low,5,dynadot,,,30/09/2026 13:48
f7fee828-4b20-48c3-a2f1-a788fac62427,clarifying.ltd,available,4.98,42.98,high,low,10,namecheap,,,12/08/2026 09:37
63fd99e1-cf30-4c92-8763-19da72646697,tiptoe.ltd,available,4.98,42.98,medium,low,6,namecheap,,,11/09/2026 16:21
5d096cd0-6e82-4bff-af04-34908a0bc8ba,hertzian.ltd,available,4.98,42.98,medium,low,8,namecheap,,,21/08/2026 07:14
1eafcc6a-baf8-4834-8a05-86c5b164bbda,renascent.ltd,available,4.98,42.98,medium,low,9,namecheap,,,09/09/2026 13:55
858988f0-f504-472d-9a40-067cfc667d0a,weakly.ltd,available,9.99,39.99,medium,low,6,name.com,,,13/08/2026 20:38
24e887e9-58bf-4f1d-928b-d16ef0423f0c,stripe.ltd,resell,,,high,low,6,"Xiamen ChinaSource Internet Service Co., Ltd",17/11/2023 15:15,17/11/2026 15:15,26/09/2026 09:21
eb760d4f-c1a4-4866-824d-3d2014c58407,drying.ltd,available,4.98,42.98,high,low,6,namecheap,,,16/09/2026 09:24
69eae925-d85b-48f7-8db3-fecfdaf3a04b,tangled.ltd,available,4.98,42.98,medium,low,7,namecheap,,,11/09/2026 07:59
f37eb4c2-6118-465e-8f06-274f24770dd1,atrip.ltd,available,4.98,42.98,low,low,5,namecheap,,,07/08/2026 14:33
fa850469-4afa-4b74-8260-545bd25902d4,israelites.ltd,available,4.34,25.04,high,low,10,spaceship,,,27/09/2026 13:59
93dce5d5-b75a-4607-a142-10888265625b,necessities.ltd,available,9.99,,medium,low,11,name.com,,,
2cedbf0b-fdf9-46c4-8bb1-5eadedab604d,grimy.ltd,available,4.98,42.98,medium,low,5,namecheap,,,09/08/2026 09:25
030a5f8f-1a1d-4c8b-9559-11395d981f59,identical.ltd,available,4.98,42.98,high,low,9,namecheap,,,25/09/2026 07:23
22c74fde-2b52-4018-bcb2-cbaaa2d3d7b5,contacting.ltd,available,9.99,47.99,medium,low,10,godaddy,,,01/10/2026 00:49
d664f646-c1e0-4ceb-88aa-0b9c98eae299,griffin.ltd,resell,,,high,low,7,,,,29/09/2026 01:09
0303fe11-bf4a-4ca2-b067-7b55edffc6ff,tiered.ltd,available,4.98,42.98,medium,low,6,namecheap,,,11/09/2026 15:49
3dd85822-aaf6-4f66-a1dc-1459f98d865c,salads.ltd,available,8.99,30.99,medium,low,6,namesilo,,,30/09/2026 14:29
69b3af53-263f-4630-ab16-11c976f52030,rotund.ltd,available,4.98,42.98,medium,low,6,namecheap,,,13/08/2026 01:59
d254d0bb-94d5-4f1c-9cfc-526fe9608da4,disadvantage.ltd,available,9.99,,high,low,12,name.com,,,
3b5bfbb8-c318-4b8e-97b7-270b36cf352d,chaldean.ltd,available,4.98,42.98,medium,low,8,namecheap,,,12/08/2026 01:26
da426706-0409-4da1-8f59-37f2bc8fe48e,nominate.ltd,available,5.66,25.23,high,low,8,porkbun,,,29/09/2026 20:40
91515007-2a31-4db4-842d-f43f0430fd4f,plunk.ltd,available,4.98,42.98,medium,low,5,namecheap,,,15/09/2026 20:41
4c0d6159-a9d5-4e22-9da1-fc323a136e8c,syringe.ltd,available,24.2,24.2,high,low,7,cloudflare,,,30/09/2026 11:09
60c0a47a-c292-44d1-beec-9a713290a19c,theories.ltd,available,8.5,30.99,medium,low,8,unstoppable,,,01/10/2026 03:41
de207776-9cc2-456e-9e4f-f0b909635096,glittering.ltd,available,4.98,42.98,high,low,10,namecheap,,,
536cbd6e-dead-4202-a420-32ef8f93b66a,disease.ltd,available,4.34,25.04,high,low,7,spaceship,,,29/09/2026 15:40
d99e9974-9d33-4de2-a3b6-dc8efaa34e92,macarthur.ltd,available,9.99,39.99,high,low,9,name.com,,,25/09/2026 20:07
37b27fac-2712-4abf-9879-06bc91f75eb2,relatively.ltd,available,8.5,,medium,low,10,unstoppable,,,28/09/2026 14:14
0b66d1a2-82fd-403f-a22b-03eb17483373,amor.ltd,available,8.99,30.99,high,low,4,namesilo,,,18/09/2026 22:37
9b276968-6719-4fdf-a823-992de8dee7ed,regularly.ltd,available,4.98,42.98,medium,low,9,namecheap,,,15/09/2026 17:25
8d1efeb3-b446-43f8-91a5-55f89f9968ff,armoire.ltd,available,8.99,30.99,medium,low,7,namesilo,,,20/09/2026 07:20
5031dd36-d39b-46a8-bcae-a03f78026df3,tyrannical.ltd,available,4.98,42.98,medium,low,10,namecheap,,,07/08/2026 19:12
46eee5f8-af64-4c49-918c-dcd37e353cb2,dignifying.ltd,available,4.98,42.98,medium,low,10,namecheap,,,14/08/2026 07:23
dffdbc18-bbb2-4137-b70d-98cabb750da9,danced.ltd,available,8.99,30.99,medium,low,6,namesilo,,,27/09/2026 10:43
e6cd8cc5-9496-4581-ada8-0c6d84aad767,proposition.ltd,available,8.5,,high,low,11,unstoppable,,,28/09/2026 03:24
995f954e-b0d5-4ab0-922e-2f44d9306437,allotrope.ltd,available,8.99,30.99,medium,low,9,namesilo,,,18/09/2026 12:06
35506e86-d426-448f-9e4c-bba2c486f359,hackneyed.ltd,available,4.98,42.98,medium,low,9,namecheap,,,08/08/2026 10:56
77b65cb8-a76f-4df5-8d7e-6adc4b50d5b4,import.ltd,resell,,,high,low,6,Alibaba Cloud Computing Ltd. d/b/a HiChina (www.net.cn),21/06/2016 11:12,21/06/2027 11:12,26/09/2026 06:49
d058c4ce-0324-4b43-bf3e-d78fc4cd7891,abolition.ltd,available,8.99,30.99,high,low,9,namesilo,,,16/09/2026 16:28
3d1d1f4e-3910-4ce6-bf22-f1b8891bd808,rhianna.ltd,available,9.99,,high,low,7,name.com,,,
1ec52acc-29fe-41a5-9ebf-200ca41d2da9,pepsi.ltd,available,24.2,24.2,high,low,5,cloudflare,,,30/09/2026 06:38
dd9e82fa-bef1-4bbf-9d95-bac983b05056,greenness.ltd,available,4.98,42.98,high,low,9,namecheap,,,20/08/2026 19:45
9e94b162-1861-4a47-b767-c8f3372b7531,slugger.ltd,available,9.99,39.99,high,low,7,name.com,,,22/09/2026 14:18
8c6aa97d-c499-43e9-8635-b27af962c6c5,thanking.ltd,available,4.98,42.98,high,low,8,namecheap,,,30/09/2026 12:18
dfed4259-b6be-47da-ac82-7d60e0833ec1,weirdo.ltd,available,4.98,42.98,medium,low,6,namecheap,,,13/08/2026 05:38
cd651313-4a59-4711-a61a-69d2cd183b33,portrayal.ltd,available,4.34,25.04,high,low,9,spaceship,,,01/10/2026 01:43
baa4ec37-7d45-43f9-97eb-43ea9435a9de,spears.ltd,available,8.99,30.99,medium,low,6,namesilo,,,29/09/2026 05:36
d73945bc-059c-4b72-9854-2665b09e679c,lovelace.ltd,available,8.99,30.99,high,low,8,namesilo,,,30/09/2026 10:29
cb9cda9d-df21-43a8-b350-4b1bcb5b7a22,modification.ltd,available,8.99,30.99,high,low,12,namesilo,,,29/09/2026 22:49
d78cd1ea-b399-484d-9de1-f849b2006ab3,buzzed.ltd,available,9.99,,high,low,6,name.com,,,
421291f7-6262-4d6f-912c-93fb74b600e1,excellence.ltd,resell,,,high,low,10,,,,29/09/2026 06:50
22762998-137a-4127-92cf-ada5077fe8c8,filesize.ltd,available,9.99,,medium,low,9,name.com,,,
260378ef-3d89-43cf-a1ad-a3ae9b745589,moldovan.ltd,available,4.98,42.98,high,low,8,namecheap,,,25/08/2026 03:50
16795264-38c2-45aa-b8de-4ba9dd67112c,honeybee.ltd,available,8.99,30.99,high,low,8,namesilo,,,19/09/2026 17:30
947b41ae-4d49-48ea-8b47-62d263db568e,turmoil.ltd,available,8.5,,medium,low,7,unstoppable,,,29/09/2026 19:12
8736f36e-9796-4c49-83e5-03d8a426bc77,wacky.ltd,available,4.98,42.98,high,low,5,namecheap,,,22/09/2026 08:23
7bb71a52-9a6a-4dc5-bcff-ad01b2503608,adiabatic.ltd,available,4.98,42.98,medium,low,9,namecheap,,,
d05eae67-6fae-409b-ac85-b6a5d7cb5bbb,geodetic.ltd,available,4.98,42.98,medium,low,8,namecheap,,,18/08/2026 22:21
63ed07e1-d646-4c25-a68a-35810bd6a3d4,skepticism.ltd,available,8.99,30.99,medium,low,10,namesilo,,,24/09/2026 22:29
6f496e42-ff67-4794-869a-67010a2d78b2,liquors.ltd,available,8.99,30.99,medium,low,7,namesilo,,,20/09/2026 06:24
3006f7e3-784d-4ccc-9bd8-da1f1c2d08a4,rocklike.ltd,available,4.98,42.98,medium,low,8,namecheap,,,20/08/2026 18:00
5ffe9480-5cae-4d51-9837-86314edeadc2,screenshot.ltd,available,9.99,47.99,high,low,10,godaddy,,,01/10/2026 01:28
a2b35737-37c4-4d71-b12d-ecadff6cdc38,casebook.ltd,available,4.98,42.98,high,low,8,namecheap,,,08/09/2026 03:38
24aaafba-b113-4447-b8a1-9ef58db0f715,queenly.ltd,available,4.98,42.98,high,low,7,namecheap,,,09/09/2026 07:52
61b4e165-11c9-483e-99d1-5ea21ae2cfd7,foretell.ltd,available,8.99,30.99,high,low,8,namesilo,,,21/09/2026 03:34
38584e7b-1d21-47ee-8450-cd80ab2ca4b0,cathectic.ltd,available,4.98,42.98,medium,low,9,namecheap,,,11/08/2026 21:45
c2e2a20f-9c29-4605-85ea-62733c34eb50,intimidating.ltd,available,5.57,25.9,medium,low,12,dynadot,,,30/09/2026 19:45
de6545af-aabb-442e-9d0e-b9170baef3f3,violations.ltd,available,4.34,25.04,medium,low,10,spaceship,,,29/09/2026 10:53
d6575a26-dff3-4a47-b54a-b4f48733afed,romp.ltd,available,4.98,42.98,high,low,4,namecheap,,,09/09/2026 19:26
8b02452d-1879-4149-9706-1e01253d5e0d,putin.ltd,available,8.99,30.99,medium,low,5,namesilo,,,28/09/2026 02:59
8339191e-3c3d-45c9-99b4-6fddd7f13295,kaye.ltd,available,4.34,25.04,high,low,4,spaceship,,,28/09/2026 04:47
5f3e323b-6afb-4563-ae96-db03e2058139,acarine.ltd,available,4.98,42.98,medium,low,7,namecheap,,,16/09/2026 21:33
b97272aa-2521-48de-8b33-1a5fd5db0a97,jesting.ltd,available,4.98,42.98,high,low,7,namecheap,,,22/08/2026 12:52
2dae1978-5b0b-4320-86eb-fcbbae6a2dab,apocope.ltd,available,4.98,42.98,medium,low,7,namecheap,,,19/09/2026 18:11
d412bfed-c3a8-4b43-8fcd-5a46e99d1765,identified.ltd,available,8.99,30.99,high,low,10,namesilo,,,25/09/2026 07:25
6d3cae95-bc44-4ea8-b34f-ff5fe2ffcb62,head.ltd,resell,,,high,low,4,Alibaba Cloud Computing Ltd. d/b/a HiChina (www.net.cn),03/09/2017 17:16,03/09/2028 17:16,30/09/2026 14:18
3972d5a5-c55e-4ff2-bad8-cac868e5cb15,hostel.ltd,available,8.99,30.99,high,low,6,namesilo,,,21/09/2026 02:25
dba7eaf5-cc7e-4377-99cd-ec2cfb021666,huntsville.ltd,available,8.99,30.99,high,low,10,namesilo,,,27/09/2026 04:30
30a524d1-8471-4d6b-96fc-66e711b93c4d,sceptical.ltd,available,4.98,42.98,medium,low,9,namecheap,,,14/08/2026 09:36
5c762990-bf0d-4115-8425-89667d4a6b8f,maddening.ltd,available,4.98,42.98,medium,low,9,namecheap,,,17/08/2026 15:55
4a6cce26-86b1-44fa-9a0e-69c1381372b6,lakes.ltd,available,4.34,25.04,high,low,5,spaceship,,,29/09/2026 09:25
b983f16f-5ed8-4d0b-b03f-fc8d99299c15,clipboards.ltd,available,8.99,30.99,medium,low,10,namesilo,,,20/09/2026 11:59
8101af26-4f03-4ce9-97f5-b3c0df0bb055,lund.ltd,available,8.99,30.99,high,low,4,namesilo,,,25/09/2026 09:11
69a3657e-0559-41e2-b6e3-994719aa105a,mechanized.ltd,available,8.99,30.99,high,low,10,namesilo,,,19/09/2026 16:26
60d43603-4007-4226-abb2-776192606936,stoddard.ltd,available,4.34,25.04,medium,low,8,spaceship,,,29/09/2026 09:50
29277c0d-5b65-4d63-afbe-b15858f3624d,evident.ltd,available,4.98,42.98,high,low,7,namecheap,,,06/08/2026 05:13
0d1d671f-f54e-4e23-acd4-ce45362e9fa8,grandchild.ltd,available,4.98,42.98,high,low,10,namecheap,,,29/09/2026 21:23
a96862b0-f9e2-4caa-9a27-18a15ca41b30,unfortunately.ltd,available,5.66,25.23,medium,low,13,porkbun,,,01/10/2026 06:06
6e405b15-33a2-4615-b5f1-164b806c02c6,ventral.ltd,available,4.98,42.98,high,low,7,namecheap,,,
d9ed978a-0098-4996-a979-58962a8bb607,tours.ltd,premium,17.28,34.36,high,low,5,spaceship,,,30/09/2026 13:22
546d6676-0be1-4adf-917c-ef8f0bcb701a,alterable.ltd,available,8.99,30.99,medium,low,9,namesilo,,,22/09/2026 02:18
9271e0a2-d315-4506-843e-29d51d1a52db,mechanic.ltd,available,8.99,30.99,high,low,8,namesilo,,,25/09/2026 18:40
c9368b41-2afd-4474-91cf-0d94be8e19f9,increasingly.ltd,available,4.34,25.04,medium,low,12,spaceship,,,29/09/2026 04:46
db4f7c2e-79d6-4a93-a043-116c3931c9fd,clarity.ltd,resell,,,high,medium,7,"Chengdu West Dimension Digital Technology Co., Ltd.",02/05/2020 02:46,02/05/2027 02:46,29/09/2026 09:51
ece987e6-20ab-4895-b6ce-2a4178e01fb4,boozer.ltd,available,4.98,42.98,medium,low,6,namecheap,,,
23c1e1c6-265b-435f-9603-fc7adc936fec,veins.ltd,available,4.34,25.04,medium,low,5,spaceship,,,28/09/2026 08:48
7387f232-5b85-4611-8ae1-c6ff4126cb2a,gainsborough.ltd,available,8.99,30.99,medium,low,12,namesilo,,,30/09/2026 12:38
7a700f67-40d4-46ad-8269-2769a40d5132,bentwood.ltd,available,8.99,30.99,medium,low,8,namesilo,,,23/09/2026 08:47
f5dc7d1d-c4f6-41c9-a6a9-48423cb38702,winds.ltd,available,24.2,24.2,medium,low,5,cloudflare,,,27/09/2026 22:44
04445ad6-5f4d-40c6-8d5c-2411d5d51b02,cannoneer.ltd,available,8.99,30.99,medium,low,9,namesilo,,,20/09/2026 11:44
9b8cc9e2-55ce-4be9-90a4-c85ea0428f05,tenanted.ltd,available,4.98,42.98,medium,low,8,namecheap,,,11/09/2026 11:09
c19a88a2-e7aa-4d63-8fe5-b76b24f3cca4,soupy.ltd,available,4.98,42.98,medium,low,5,namecheap,,,09/08/2026 01:20
42132a65-1cfc-4672-b38e-67621073de7f,prolong.ltd,available,5.66,25.23,high,low,7,porkbun,,,30/09/2026 19:12
71691275-932d-409e-8cac-64bb5288dd8e,wickedness.ltd,available,4.98,42.98,medium,low,10,namecheap,,,17/08/2026 15:06
a70ebbda-60e4-41f2-9686-5bb75515bdfa,dune.ltd,resell,,,high,low,4,,,,30/09/2026 17:05
d9c2fbef-270f-4055-8e98-321ecbc95a39,guessed.ltd,available,8.99,30.99,low,low,7,namesilo,,,29/09/2026 11:03
305b26d3-99ef-49fb-902c-ae15e3c61639,kean.ltd,available,4.34,25.04,medium,low,4,spaceship,,,29/09/2026 00:45
e9d5e336-0389-46b8-af7d-39bbffd15e5d,floury.ltd,available,4.98,42.98,medium,low,6,namecheap,,,18/08/2026 09:00
09d59c9b-81cf-4d37-83b0-0fbe9608ad79,robbins.ltd,available,8.99,30.99,medium,low,7,namesilo,,,29/09/2026 01:23
41dcaec5-98e7-494d-b050-44ee1eb21060,deficiency.ltd,available,24.2,24.2,medium,low,10,cloudflare,,,29/09/2026 18:36
5cb6d961-9786-49f1-8116-4fe69cfbbadf,hurry.ltd,available,4.34,25.04,high,low,5,spaceship,,,27/09/2026 17:14
4ebd0dd4-8b2a-4326-a63f-90e8dae68238,arctiid.ltd,available,8.99,30.99,medium,low,7,namesilo,,,20/09/2026 02:47
28c1d87d-0ae1-4120-a46d-f63bf028bf7b,ponderous.ltd,available,4.98,42.98,medium,low,9,namecheap,,,24/08/2026 11:10
82ac9fa0-7ac2-4f57-834c-a6480fe1ee0c,layperson.ltd,available,4.98,42.98,medium,low,9,namecheap,,,10/09/2026 01:26
0c23b8dd-5937-4b1a-aaa2-ca8305aa2671,acetabulum.ltd,available,8.99,30.99,medium,low,10,namesilo,,,16/09/2026 23:45
63fee740-172a-4522-ba84-53ca0ef9260c,reinforce.ltd,available,5.66,25.23,high,low,9,porkbun,,,29/09/2026 20:46
923866ad-157b-4783-b207-03081115cb21,techniques.ltd,available,8.99,30.99,medium,low,10,namesilo,,,19/09/2026 01:18
e1d7bec0-dc81-47e5-b7f1-50586d1c1223,quickness.ltd,available,5.57,25.9,high,low,9,dynadot,,,28/09/2026 18:29
9af2960c-cb5c-4fab-ae0c-c698e3bb2248,aerobe.ltd,available,8.99,30.99,medium,low,6,namesilo,,,17/09/2026 12:54
f56350c6-e8cb-4b32-9b16-d128006cc964,calgary.ltd,premium,118.8,118.8,high,low,7,namesilo,,,24/09/2026 11:43
e46c591b-a238-4583-9ab7-ddeb89916212,viviparous.ltd,available,4.98,42.98,medium,low,10,namecheap,,,24/08/2026 07:53
4997651f-6d2e-4a8f-9356-b9d7cd1711f6,grumbler.ltd,available,8.99,30.99,medium,low,8,namesilo,,,23/09/2026 06:49
a4be4df2-ab2e-4b0d-9929-a89f5bb04dcb,absurdly.ltd,available,4.98,42.98,medium,low,8,namecheap,,,13/09/2026 16:46
f4083277-256b-478e-902c-0148f66387fa,brimming.ltd,available,4.98,42.98,medium,low,8,namecheap,,,11/08/2026 04:12
1e94136f-de58-4e84-bb83-95086758c489,historically.ltd,available,4.98,42.98,medium,low,12,namecheap,,,29/09/2026 08:34
74a3b785-a74c-4831-9592-214e4bdcaa3c,downwards.ltd,available,4.98,42.98,medium,low,9,namecheap,,,14/08/2026 17:16
330d4d79-7cdd-4634-8186-8e56f0ba3de6,springbuck.ltd,available,8.99,30.99,medium,low,10,namesilo,,,19/09/2026 14:19
ea53d028-f5c5-46a5-86e8-161196db6b07,botched.ltd,available,4.98,42.98,medium,low,7,namecheap,,,10/08/2026 20:51
7fda72cd-8bd6-420b-9702-aea7d4437de6,discontent.ltd,available,4.98,42.98,medium,low,10,namecheap,,,14/08/2026 09:59
856fd9ca-129b-47cb-8a4d-4438b3b27ca0,misconduct.ltd,available,4.98,42.98,medium,low,10,namecheap,,,17/09/2026 05:28
b5449584-42c6-41a0-b07b-315b214c2252,eighteenth.ltd,available,4.98,42.98,high,low,10,namecheap,,,
8f786091-75a7-4430-962f-92d5d8c313ad,pluperfect.ltd,available,4.98,42.98,medium,low,10,namecheap,,,08/09/2026 22:00
00845ab8-91c6-4b40-9022-e9361ba66e0e,razz.ltd,available,8.99,30.99,medium,low,4,namesilo,,,21/09/2026 19:47
b89f5ed2-4059-40b2-971c-89ec8fce6029,survive.ltd,available,8.99,30.99,high,low,7,namesilo,,,25/09/2026 11:10
5a6cddb2-38cd-4f4b-a2e7-8eab911175a2,fanny.ltd,available,,,medium,low,5,,,,
ca0e87a1-8c59-4ebd-a295-540494014498,immodest.ltd,available,4.98,42.98,medium,low,8,namecheap,,,21/08/2026 21:09
1732d929-43d3-4976-9da1-65c10db0cf15,expect.ltd,available,4.34,25.04,high,low,6,spaceship,,,30/09/2026 15:04
8ebd81d4-3813-4ee6-91d2-0c28bbf12655,negligible.ltd,available,4.98,42.98,medium,low,10,namecheap,,,03/09/2026 15:08
2468b0dc-3db5-4342-896f-70d0740a1ce5,lovingly.ltd,available,4.98,42.98,high,low,8,namecheap,,,14/09/2026 19:14
e43ed884-a3bb-4bc9-b45e-df222af621b2,stylized.ltd,available,4.98,42.98,high,low,8,namecheap,,,08/09/2026 05:30
39e9e8cd-467d-44bd-8d9d-84694d8cbc99,judah.ltd,available,8.99,30.99,medium,low,5,namesilo,,,29/09/2026 01:27
5fea7e79-f550-43c6-ba42-17a4a0583010,visioned.ltd,available,8.99,30.99,medium,low,8,namesilo,,,20/09/2026 16:28
37f1eb6b-c516-4847-9292-09a2a8fc34e2,commend.ltd,available,8.5,,high,low,7,unstoppable,,,30/09/2026 17:25
b2277777-2cb5-49f9-8d0c-4d0fd75f554b,adornment.ltd,available,8.99,30.99,high,low,9,namesilo,,,17/09/2026 09:46
ff7a0123-c41b-49b3-8d27-45a3f1bc4c39,astatine.ltd,available,4.98,42.98,medium,low,8,namecheap,,,20/09/2026 16:55
4ff9fa46-1240-40f5-8b7c-f24323a1d0eb,implicit.ltd,available,4.98,42.98,high,low,8,namecheap,,,21/08/2026 22:37
8890eb91-59c5-4796-96e0-ff014bbde8b7,bennie.ltd,available,4.98,42.98,high,low,6,namecheap,,,23/09/2026 08:32
46ba696d-bcd2-43e9-a59f-d33cb5812c12,kathmandu.ltd,available,8.99,30.99,medium,low,9,namesilo,,,29/09/2026 06:13
4d02505d-9a35-484d-a2b7-e8d47c14f566,sad.ltd,premium,78.54,78.54,high,low,3,namesilo,,,24/09/2026 05:55
d23d59b7-2b80-4c99-a247-4e368dfbea28,observatory.ltd,available,8.99,30.99,high,low,11,namesilo,,,29/09/2026 08:28
f74f7fb8-8740-4ba9-a822-9f2d26d1d40e,frail.ltd,available,4.98,42.98,high,low,5,namecheap,,,18/08/2026 13:59
58e001c7-fcab-4327-8071-9d628536d468,cloudiness.ltd,available,4.98,42.98,medium,low,10,namecheap,,,04/09/2026 20:28
0a2b4d2f-d29f-4b86-a9a8-51708f24e4ed,exclusively.ltd,available,9.99,,medium,low,11,name.com,,,
78824e4f-e301-457a-9ba9-ca799c820a9b,afterworld.ltd,available,8.99,30.99,medium,low,10,namesilo,,,17/09/2026 15:58
9a3cc13b-6d20-4b02-b4a8-8ec650c8cf16,permissive.ltd,available,4.98,42.98,medium,low,10,namecheap,,,08/09/2026 17:48
896ffe8e-6e3e-4c9d-be1a-6402ec0f9de9,cui.ltd,premium,78.54,78.54,high,low,3,namesilo,,,29/09/2026 15:08
c2a1955f-2ac6-4fda-9de5-9428ef1169ff,anatolian.ltd,available,8.99,30.99,medium,low,9,namesilo,,,19/09/2026 03:29
483ddc71-5e5b-4140-ab3c-0695fb99ecf8,laffer.ltd,available,4.98,42.98,medium,low,6,namecheap,,,20/09/2026 10:59
cfb4621d-8006-4d20-8601-9dd83b2cb603,closets.ltd,available,4.98,42.98,medium,low,7,namecheap,,,20/09/2026 19:05
ea5451c4-75b0-48dc-9188-ebc20137fa7b,aurorean.ltd,available,4.98,42.98,medium,low,8,namecheap,,,07/08/2026 18:12
a0897385-1160-4ebd-a2ff-bfe2af7c6f51,anglosaxon.ltd,available,4.34,25.04,medium,low,11,spaceship,,,29/09/2026 02:54
548f8ce7-5abd-4026-a2cb-a475e6ecd5ee,catty.ltd,available,4.98,42.98,medium,low,5,namecheap,,,10/08/2026 07:23
a01ea94d-f563-418f-9b71-3d27f359d409,doi.ltd,premium,51.43,102.67,high,low,3,spaceship,,,28/09/2026 01:47
a6cd43ed-e9f4-4623-8f42-9a9314912790,lissome.ltd,available,4.98,42.98,medium,low,7,namecheap,,,23/08/2026 23:39
8bcf5809-b925-443b-ba2a-242be7949493,acetate.ltd,available,8.99,30.99,high,low,7,namesilo,,,17/09/2026 00:03
d1882644-bc1f-4592-bc47-3bf2d0ffa969,quilted.ltd,available,4.98,42.98,medium,low,7,namecheap,,,09/09/2026 08:58
1be2619c-ff50-4674-9f95-a51ee6767d43,sprung.ltd,available,8.99,30.99,high,low,6,namesilo,,,29/09/2026 14:17
876fe1ff-3c81-4c41-aba9-2cb12cdbe576,evilly.ltd,available,4.98,42.98,low,low,6,namecheap,,,14/09/2026 16:42
671611de-bad4-4842-b3e1-f4c491ed8426,untrusty.ltd,available,4.98,42.98,medium,low,8,namecheap,,,12/09/2026 21:46
b38235b1-8e88-4d94-bb0c-567a7e5e566c,percipient.ltd,available,4.98,42.98,high,low,10,namecheap,,,08/09/2026 16:17
cdb4d57f-6b2f-46ba-92d4-2444ba794b6a,chore.ltd,available,4.98,42.98,high,low,5,namecheap,,,29/09/2026 09:00
60cfe25c-878e-487c-a6a2-11bc42db5220,switched.ltd,available,8.99,30.99,medium,low,8,namesilo,,,27/09/2026 09:43
0724fb37-a1a6-4bf0-8056-c00db836efde,toxicity.ltd,available,5.57,25.9,high,low,8,dynadot,,,30/09/2026 18:20
f9946ad0-b9dd-4a9d-b010-654f3f1e680b,tamarack.ltd,available,4.98,42.98,medium,low,8,namecheap,,,18/09/2026 20:18
103d1004-62ec-43ca-8bae-b87fdb61df67,facilitation.ltd,available,8.99,30.99,high,low,12,namesilo,,,17/09/2026 01:02
963bb944-f2d9-43bb-8470-1aa5f8d2500c,danish.ltd,available,9.99,39.99,high,low,6,name.com,,,13/08/2026 17:19
dc352b56-c4d1-4a0a-a64a-ac14edcd42a3,morgue.ltd,available,4.98,42.98,medium,low,6,namecheap,,,25/08/2026 06:42
a4eedb3c-4a6a-4a75-934b-ba9d54f890fa,prosily.ltd,available,4.98,42.98,low,low,7,namecheap,,,15/09/2026 21:46
a419ce14-594f-4ca5-bebf-194a67747560,confiding.ltd,available,4.98,42.98,high,low,9,namecheap,,,12/08/2026 20:45
24e2e0be-6b40-484e-b6e2-6a56ef92f847,acentric.ltd,available,4.98,42.98,medium,low,8,namecheap,,,
04871846-cbea-4320-8aa2-114f2d4878db,curb.ltd,available,8.99,30.99,high,low,4,namesilo,,,18/09/2026 20:45
7497cdd0-6b02-4050-8a14-49e5da4b06c8,declining.ltd,available,9.99,,medium,low,9,name.com,,,
93515f4f-150f-4fb7-a1ca-68cdde18cab4,disappoint.ltd,available,4.34,25.04,medium,low,10,spaceship,,,29/09/2026 14:14
f2f1300f-384d-41ee-8501-ccc07c1e76c6,vampire.ltd,available,8.99,30.99,high,low,7,namesilo,,,30/09/2026 01:58
736433f0-9d6a-4f14-8bdd-5dd4b5cbfa4b,assistive.ltd,available,4.98,42.98,medium,low,9,namecheap,,,07/08/2026 06:40
2969ce2f-c100-450f-baba-a03b75751487,clifton.ltd,available,4.98,42.98,medium,low,7,namecheap,,,25/09/2026 19:29
bd55e119-81ff-4325-88ea-eb15e87832f5,screenwriter.ltd,available,8.99,30.99,high,low,12,namesilo,,,01/10/2026 06:11
4255f5fd-a5d6-45aa-8feb-0505c7270e20,tremulous.ltd,available,4.98,42.98,medium,low,9,namecheap,,,09/09/2026 07:46
ceecf1e9-2b9a-4445-8d1a-a770b1354ed5,informally.ltd,available,24.2,24.2,medium,low,10,cloudflare,,,28/09/2026 14:09
6ddea8cd-6436-4165-b68e-fb92868a96f7,squab.ltd,available,4.98,42.98,medium,low,5,namecheap,,,10/09/2026 17:08
3d499abe-a5ae-4ef5-bbf9-d55b0cce55ad,higgs.ltd,available,5.57,25.9,high,low,5,dynadot,,,29/09/2026 14:20
a670c116-f7d7-4e8d-8383-a6c584230948,habitual.ltd,available,4.98,42.98,high,low,8,namecheap,,,20/08/2026 21:28
b65b91e1-a2ab-4c26-89d4-babf6f4a99d9,pivot.ltd,resell,,,high,medium,5,"Xiamen ChinaSource Internet Service Co., Ltd",16/01/2026 15:15,16/01/2027 15:15,30/09/2026 06:56
d2a5fcf7-239e-41a8-98bf-20be5011cff3,shallot.ltd,available,4.98,42.98,medium,low,7,namecheap,,,18/09/2026 11:16
14b32198-a22d-46f8-abab-ae16e37c4e50,beguiled.ltd,available,4.98,42.98,medium,low,8,namecheap,,,09/08/2026 09:46
50153ed1-90e0-43bd-80bb-8affe90a0787,chartreuse.ltd,available,4.98,42.98,medium,low,10,namecheap,,,12/08/2026 02:57
b943788e-f4ef-447c-b3e1-95b9db80ece3,rossetti.ltd,available,4.34,25.04,medium,low,8,spaceship,,,30/09/2026 01:13
ec6ec4c9-282f-4b79-b1cc-14b3ffc88cef,coy.ltd,premium,42.9,85.8,high,low,3,namecheap,,,24/09/2026 01:10
34145a7f-149e-47c3-ba00-d852bbefc7af,webby.ltd,available,4.98,42.98,medium,low,5,namecheap,,,03/09/2026 16:08
e0dc246c-0dd4-412d-a41e-328b9be454a7,attorney.ltd,resell,,,high,low,8,,,,28/09/2026 23:09
3d6e3738-9550-47d7-916c-d7e8ca0506f8,precautions.ltd,available,8.99,30.99,medium,low,11,namesilo,,,18/09/2026 09:01
116a543c-1a66-4a82-aa71-c134e96d9148,thirdly.ltd,available,4.98,42.98,medium,low,7,namecheap,,,11/09/2026 13:39
6ab456ac-07a3-42ac-be55-3154dc988c10,arguer.ltd,available,8.99,30.99,medium,low,6,namesilo,,,20/09/2026 04:46
4847df38-31e1-4294-b4d1-69d98c7fac91,sublime.ltd,resell,,,high,low,7,"Xiamen ChinaSource Internet Service Co., Ltd",03/06/2021 12:03,03/06/2027 12:03,26/09/2026 09:22
2cea98b8-199d-4825-a13a-a2986228912d,snr.ltd,premium,,,high,low,3,,,,30/09/2026 12:29
a1dab7fd-e6ef-4583-8d30-c30d56cc0c81,amply.ltd,available,4.98,42.98,medium,low,5,namecheap,,,13/09/2026 19:37
4f54e4a6-affa-456e-9925-1a0c326c5653,unearned.ltd,available,4.98,42.98,medium,low,8,namecheap,,,12/09/2026 08:43
2cdd549c-e9bb-479c-a5ac-af0048187995,banger.ltd,available,8.99,30.99,high,low,6,namesilo,,,22/09/2026 01:46
353d31ef-fcb5-431e-a851-34d4bf4c25d5,madame.ltd,available,5.57,25.9,high,low,6,dynadot,,,28/09/2026 06:18
de77dd44-4538-47d8-8650-f16480f611fc,filings.ltd,available,9.99,,low,low,7,name.com,,,
ec361dc5-8785-4027-a87e-17e8c8c1738a,decrepit.ltd,available,4.98,42.98,medium,low,8,namecheap,,,13/08/2026 05:40
bcffd777-0948-4455-9166-6fac49dc7ea6,loamy.ltd,available,4.98,42.98,medium,low,5,namecheap,,,24/08/2026 08:15
53654c7d-87c9-4d38-a08b-27911265836f,scenario.ltd,available,4.34,25.04,high,low,8,spaceship,,,28/09/2026 06:43
962791cb-284f-430d-9b6f-f2c633690633,congregational.ltd,available,9.99,,medium,low,14,name.com,,,
81e5cc9c-1e65-4ce1-9420-a14e15298b20,gobs.ltd,available,4.98,42.98,high,low,4,namecheap,,,14/09/2026 23:34
97e6bba2-c302-4daf-8ee1-265b6b433ad0,kleenex.ltd,available,8.99,30.99,high,low,7,namesilo,,,30/09/2026 01:39
fa1e92b6-a80c-4de9-9cac-98634ca9fc96,punter.ltd,available,24.2,24.2,medium,low,6,cloudflare,,,29/09/2026 02:17
192b51d5-e071-425a-bcb7-8a28d12c83b3,upstanding.ltd,available,4.98,42.98,high,low,10,namecheap,,,12/09/2026 23:22
c3dcf957-552a-4e40-b307-86f9f7c85af4,goddamned.ltd,available,4.98,42.98,medium,low,9,namecheap,,,10/08/2026 12:48
cfceeaca-65c3-406c-a3c2-77390dd5f848,himself.ltd,available,9.99,,medium,low,7,name.com,,,
49cee733-25f1-4de2-89eb-cebcd1c367de,speech.ltd,available,4.34,25.04,high,low,6,spaceship,,,28/09/2026 18:08
d92a536c-7722-43df-bd9a-ab717765de17,ottar.ltd,available,4.98,42.98,medium,low,5,namecheap,,,20/09/2026 19:29
5761b1e2-964b-4113-97ed-e3c3391866d2,accurst.ltd,available,4.98,42.98,medium,low,7,namecheap,,,
8d73b9fc-78a3-456e-ba35-d70c009c2028,investigative.ltd,available,8.99,30.99,medium,low,13,namesilo,,,29/09/2026 08:53
996de8bc-73d6-4dbf-8aa7-24a7603b2b13,paige.ltd,available,8.99,30.99,high,low,5,namesilo,,,27/09/2026 04:38
86ed96e8-055a-4646-ac7e-e860a4681afd,diminishing.ltd,available,9.99,,medium,low,11,name.com,,,
caa19e29-45a0-4439-a393-28c7883db542,aphesis.ltd,available,8.99,30.99,medium,low,7,namesilo,,,19/09/2026 16:55
954d2fef-6d09-4689-8de5-d482cc970d99,concern.ltd,available,5.57,25.9,high,low,7,dynadot,,,29/09/2026 05:30
e8e178ec-3ed7-4915-b76d-d52a6d69e0c2,yoruba.ltd,available,8.99,30.99,high,low,6,namesilo,,,18/09/2026 00:15
8080bf68-f55b-4cff-8f60-910a560c82d0,slightly.ltd,available,4.98,42.98,medium,low,8,namecheap,,,16/09/2026 02:36
5a0fb361-25df-40fb-9079-43c7b2f67cee,boiled.ltd,available,4.98,42.98,high,low,6,namecheap,,,10/08/2026 17:32
e81475d5-efad-429f-a10b-c2cdf46305ff,escaping.ltd,available,5.57,25.9,high,low,8,dynadot,,,28/09/2026 21:14
a2849c3a-11b8-4630-8f3d-4f14d30ac973,sioux.ltd,available,4.98,42.98,high,low,5,namecheap,,,10/09/2026 08:46
33d2c2ea-1664-464a-b7ac-c595abeaca95,xoxoxo.ltd,available,9.99,,high,low,6,name.com,,,
1bceaf95-69f9-403f-973a-af4a9289f6c7,curl.ltd,available,4.34,25.04,high,low,4,spaceship,,,29/09/2026 13:04
66b007cd-5ddd-4467-8733-00c6d7d60b2c,partition.ltd,available,5.57,25.9,high,low,9,dynadot,,,30/09/2026 10:49
8db3731a-e8df-41cb-9c26-900dcde5807c,colonised.ltd,available,4.98,42.98,medium,low,9,namecheap,,,12/08/2026 17:25
8a28d3bd-eb8f-4321-828d-77a1e82ee8a1,emblems.ltd,available,4.34,25.04,medium,low,7,spaceship,,,28/09/2026 18:24
424d9db9-43b9-400d-ae3f-685fd45da786,empire.ltd,resell,,,high,medium,6,"Sav.com, LLC - 16",20/09/2026 15:15,20/09/2027 15:15,26/09/2026 05:49
3c8ae5ed-9083-4460-bb7d-83e78eaae97a,profitless.ltd,available,4.98,42.98,medium,low,10,namecheap,,,09/09/2026 02:50
4cc6faef-f7b5-45a0-b8b6-613479f0769a,vogt.ltd,available,4.34,25.04,high,low,4,spaceship,,,29/09/2026 04:21
fbcb3cbd-94eb-413b-a628-8223352263f5,gotta.ltd,available,8.99,30.99,medium,low,5,namesilo,,,27/09/2026 16:53
de1b6cb1-fbd7-4a33-bd87-57afcb098a0c,chorale.ltd,available,4.98,42.98,high,low,7,namecheap,,,12/08/2026 07:04
ccd02f17-1aa3-4c9c-8736-5979b985e9b7,thousandth.ltd,available,4.98,42.98,high,low,10,namecheap,,,
1ffb306c-e556-48f0-b18c-4aa4ea3362a9,triploid.ltd,available,4.98,42.98,medium,low,8,namecheap,,,11/09/2026 20:10
6e63a703-6914-489e-89a7-aec11826323a,vicinity.ltd,available,24.2,24.2,high,low,8,cloudflare,,,28/09/2026 19:41
918deed0-be13-4d4f-a97d-c18ab8e5f413,empirical.ltd,available,4.98,42.98,high,low,9,namecheap,,,16/08/2026 18:21
398c7b10-8a00-4e17-b892-8280e9a0c592,killed.ltd,available,8.99,30.99,medium,low,6,namesilo,,,17/09/2026 12:17
dbb3e128-1bc9-4095-85f5-f34a28e4de0b,ioc.ltd,premium,78.54,78.54,high,low,3,namesilo,,,28/09/2026 07:36
ff1de7ab-2dde-4f21-a69f-457dd99a9050,dimmed.ltd,available,4.98,42.98,medium,low,6,namecheap,,,14/08/2026 08:08
1007145e-f205-4b3f-a388-831100c183af,respected.ltd,available,8.99,30.99,high,low,9,namesilo,,,27/09/2026 12:38
b2978044-5a70-4ce0-b979-8cdc9b94726b,londonderry.ltd,available,4.98,42.98,medium,low,11,namecheap,,,29/09/2026 09:47
81c68548-fcbf-4683-9a8d-e512a52bdf6b,praising.ltd,available,4.98,42.98,high,low,8,namecheap,,,22/08/2026 20:53
75b9490c-d127-426f-8c4a-18ad4d92ba3c,goody.ltd,available,9.99,39.99,high,low,5,name.com,,,13/08/2026 15:54
bf334658-65ab-4d41-9989-443156962cc2,rafts.ltd,available,4.98,42.98,high,low,5,namecheap,,,14/09/2026 23:26
6976050a-979f-4bc7-8f64-0cff4c1a1daf,ragamuffin.ltd,available,4.98,42.98,medium,low,10,namecheap,,,11/09/2026 09:09
47cc3920-7b39-4987-b2fc-2b4d9b40ed3f,addressing.ltd,available,24.2,24.2,high,low,10,cloudflare,,,29/09/2026 10:51
8fd56e23-3f6f-402c-bc11-273a5fa5e17e,source.ltd,premium,38.94,38.94,high,medium,6,namesilo,,,25/09/2026 22:58
d79b0566-a026-453d-9e1c-028a5de3522f,aerophagia.ltd,available,8.99,30.99,medium,low,10,namesilo,,,17/09/2026 13:11
6fc516a7-5b09-4e32-acbf-dba9061d2198,ungodly.ltd,available,4.98,42.98,medium,low,7,namecheap,,,22/08/2026 05:29
53677cda-2971-47e3-81a0-2bc928534d85,futile.ltd,available,8.99,30.99,medium,low,6,namesilo,,,22/09/2026 23:49
4c75cf37-81cd-424e-95b3-b671d44f59bf,biogenic.ltd,available,4.98,42.98,high,low,8,namecheap,,,10/08/2026 01:27
4012bb2c-261f-441b-8d13-255d578cd080,conventionally.ltd,available,9.99,,medium,low,14,name.com,,,
5221a16c-75e3-4294-ad7f-535de09def97,opener.ltd,available,24.2,24.2,high,low,6,cloudflare,,,28/09/2026 20:02
3be983d8-5a94-4c11-af0a-e8491c99a524,heiress.ltd,available,4.34,25.04,high,low,7,spaceship,,,01/10/2026 02:28
e206ce72-a7ae-4345-93a2-4056de14a35b,starved.ltd,available,4.98,42.98,medium,low,7,namecheap,,,17/08/2026 13:45
54adef55-e972-4357-a727-ec6949ce7126,thrust.ltd,available,4.98,42.98,high,low,6,namecheap,,,25/09/2026 00:11
1685cb3c-948e-4455-8320-806815c8751f,calculations.ltd,available,4.98,42.98,medium,low,12,namecheap,,,17/09/2026 02:07
18ff5837-1e30-4222-9ae4-558c4be72f81,adventism.ltd,available,8.99,30.99,medium,low,9,namesilo,,,17/09/2026 10:32